temp_min,temp_max,wind_max,will_rain,thermo_profile,warmth_shift,required_warmth
-17,-8,2.917355726788764,0,1,0.0,10.0
-4,2,3.6164513363488062,1,0,0.0,8.0
23,29,10.148539337979287,1,0,0.0,4.0
5,10,7.645419240336137,0,-1,0.0,7.0
-2,7,1.7195790672890232,1,0,0.0,7.0
3,8,4.725629950501254,1,-1,0.0,8.0
-23,-16,12.180567675677688,1,0,0.0,17.0
0,1,4.766065465144059,1,1,0.0,7.0
26,29,2.344770100667813,0,0,0.0,2.0
7,13,12.694026013456245,0,0,0.0,5.0
28,33,14.207446027471466,0,0,0.0,3.0
-10,-10,4.665843023166588,0,-1,0.0,12.0
2,11,1.1893595389067975,1,1,0.0,4.0
-8,1,9.694275150883128,1,-1,0.0,9.0
14,15,11.148012308280567,1,1,0.0,5.0
-12,-3,3.3684122206001765,0,1,0.0,6.0
-10,-10,3.4769137623943784,0,0,0.0,11.0
4,4,6.734673359252158,1,-1,0.0,8.0
-14,-4,3.217086996861565,1,1,0.0,7.0
11,13,12.798942554379042,1,0,0.0,6.0
-4,4,11.289922591742691,0,-1,0.0,8.0
9,18,12.769630965219815,0,1,0.0,4.0
22,25,12.721210113096653,1,0,0.0,4.0
-13,-9,2.0919505254439574,0,0,0.0,11.0
9,17,11.702884573665601,0,0,0.0,5.0
7,14,4.469920137521732,0,-1,0.0,5.0
-2,1,12.53496460353838,0,0,0.0,8.0
3,6,11.171151461699566,1,-1,0.0,9.0
34,35,4.614192341613478,1,-1,0.0,4.0
-13,-3,5.390545563406823,0,0,0.0,7.0
10,14,0.3443426894005802,0,1,0.0,3.0
-6,-6,9.765775021639824,1,-1,0.0,13.0
27,32,6.616232380526077,0,0,0.0,2.0
12,21,11.7195973400632,0,0,0.0,3.0
-17,-12,1.4108850218123337,0,0,0.0,11.0
15,24,13.292010312543189,1,-1,0.0,5.0
0,5,0.7249546957529962,0,-1,0.0,7.0
-3,-1,3.7492541692200225,1,0,0.0,8.0
6,9,12.79435850923903,1,0,0.0,8.0
11,18,5.409677028280425,0,-1,0.0,5.0
8,15,8.516798148453107,0,-1,0.0,5.0
-16,-15,7.889572843999468,0,0,0.0,15.0
-20,-15,10.512403285053672,0,0,0.0,16.0
-12,-2,0.10660147549498344,1,1,0.0,7.0
33,35,8.138118852361298,0,0,0.0,2.0
14,23,6.750914046053776,1,-1,0.0,4.0
-19,-16,2.820164125786136,1,1,0.0,15.0
-3,5,0.4273866310453023,1,-1,0.0,8.0
-17,-14,11.883291013985978,1,0,0.0,13.0
-21,-17,9.870171957095234,1,1,0.0,15.0
23,32,2.348925423820711,0,1,0.0,1.0
6,11,1.7027402678836878,1,-1,0.0,6.0
15,16,12.32679735220415,0,-1,0.0,6.0
-21,-17,14.621640037959654,1,0,0.0,17.0
-17,-7,4.6298576933418705,0,-1,0.0,12.0
24,24,3.932348450514749,0,0,0.0,2.0
-26,-18,6.965393683540363,1,1,0.0,15.0
-13,-6,12.064109056884254,1,0,0.0,13.0
16,21,1.4510649449149344,0,1,0.0,1.0
2,5,8.576145142249283,0,-1,0.0,7.0
17,21,9.104443150041769,1,1,0.0,2.0
-12,-6,2.470458623545673,0,-1,0.0,12.0
21,27,4.190958203720968,1,0,0.0,3.0
3,7,1.6520289190403754,0,-1,0.0,7.0
9,17,5.730670904517075,1,0,0.0,5.0
13,20,12.121330150463029,0,1,0.0,2.0
32,33,6.82017613879374,1,0,0.0,3.0
-30,-20,4.264700587630782,1,-1,0.0,17.0
-23,-19,5.489478098683941,0,-1,0.0,16.0
-2,0,0.5575228271347094,0,-1,0.0,8.0
-15,-9,6.56633969155974,1,-1,0.0,13.0
4,14,7.431031129393767,0,0,0.0,4.0
-25,-20,2.760934945413265,0,0,0.0,15.0
-21,-15,0.14041699363713966,1,0,0.0,16.0
20,20,13.05866653996717,0,0,0.0,3.0
-2,8,11.381650515052296,0,0,0.0,7.0
-21,-14,3.011810641242454,1,-1,0.0,13.0
17,21,12.136465906502757,1,-1,0.0,5.0
35,35,5.236097727223906,1,-1,0.0,4.0
0,4,5.307748932098782,1,1,0.0,6.0
-17,-9,14.126961517539087,0,1,0.0,11.0
28,30,6.594833344386312,1,-1,0.0,4.0
18,19,14.069377695900009,1,-1,0.0,5.0
-3,7,3.765716895232166,1,0,0.0,7.0
1,9,9.534769466643938,1,-1,0.0,8.0
-7,-2,4.915324352625691,1,1,0.0,7.0
-19,-12,7.1324122956825455,0,-1,0.0,12.0
7,16,5.104349322220366,0,0,0.0,4.0
4,12,1.7974520721334064,0,-1,0.0,5.0
6,11,6.945912621452334,1,1,0.0,4.0
5,11,13.279558350475632,1,-1,0.0,7.0
11,15,4.4963013390651305,0,0,0.0,4.0
17,19,5.779601283513366,1,-1,0.0,4.0
-8,-1,9.931457233222178,1,-1,0.0,9.0
16,26,10.053097224106821,0,0,0.0,3.0
-7,3,13.577586093664785,0,1,0.0,7.0
-4,2,1.5630439312923816,1,1,0.0,7.0
2,8,14.39540933276124,1,-1,0.0,9.0
22,28,13.639755787139013,0,1,0.0,2.0
-11,-7,9.478416001827497,1,1,0.0,11.0
-1,7,14.369781256107403,1,1,0.0,7.0
-1,4,3.8579070727145965,0,1,0.0,5.0
-11,-6,10.35824417123537,0,-1,0.0,13.0
-12,-2,2.9070533504530833,1,0,0.0,8.0
-9,-7,4.710474389756815,0,1,0.0,10.0
0,9,14.78425159108072,0,0,0.0,7.0
-9,0,10.30022501556964,0,-1,0.0,9.0
29,35,6.35719020967909,0,-1,0.0,3.0
22,30,0.8488300784184927,0,0,0.0,2.0
16,16,1.445466155054596,1,-1,0.0,6.0
-25,-18,2.0708535779335584,0,0,0.0,15.0
22,25,1.917604027286775,1,0,0.0,3.0
-24,-20,4.2745951465747325,0,0,0.0,15.0
-9,-6,10.432555113093319,1,1,0.0,12.0
-25,-16,13.296757889416252,0,1,0.0,15.0
7,7,4.797706095995298,0,0,0.0,6.0
9,19,7.754480081422826,1,0,0.0,3.0
7,13,9.773586190050223,1,-1,0.0,6.0
15,24,7.615521426552406,1,-1,0.0,4.0
9,15,2.4426228744121774,0,-1,0.0,5.0
1,6,0.4263744452422874,1,-1,0.0,8.0
-12,-4,8.242858798584617,0,1,0.0,6.0
-11,-3,7.6510988041770265,0,1,0.0,6.0
18,21,0.5369813416787927,1,1,0.0,2.0
-8,-3,10.603462316393331,0,1,0.0,7.0
26,27,13.754968484446838,0,-1,0.0,4.0
-1,6,10.003414609065812,1,0,0.0,8.0
17,22,3.675322425139039,1,0,0.0,3.0
4,11,13.860005887729013,0,0,0.0,5.0
15,16,13.34099079678502,1,-1,0.0,7.0
12,22,8.048132855838315,0,1,0.0,1.0
-22,-17,7.061473762210003,0,0,0.0,15.0
-13,-3,2.8925246367038016,0,0,0.0,7.0
8,13,8.990693133156395,1,0,0.0,5.0
-26,-20,10.537711491423453,1,-1,0.0,18.0
27,27,9.913098100602115,0,0,0.0,2.0
-14,-10,1.7116938875647647,1,0,0.0,12.0
-19,-12,1.972180872494731,1,1,0.0,11.0
-14,-8,13.084090166140701,0,1,0.0,11.0
-19,-12,1.8839905415933944,1,0,0.0,12.0
-1,9,6.0300449090261665,1,0,0.0,7.0
0,5,12.951953329436614,1,-1,0.0,9.0
-12,-9,3.13534911862579,1,-1,0.0,13.0
-8,2,7.984847184343406,0,-1,0.0,8.0
-20,-15,6.809375785231105,1,0,0.0,16.0
4,7,12.261679525755829,1,1,0.0,7.0
-8,-5,6.372275338977858,1,-1,0.0,13.0
5,9,5.963075109731116,1,-1,0.0,8.0
-15,-13,1.3404304862859973,0,1,0.0,10.0
20,20,10.770040322923473,0,0,0.0,3.0
24,25,1.014960937091542,0,1,0.0,1.0
4,14,8.665259507811278,0,0,0.0,4.0
-7,-3,10.706623730374021,0,0,0.0,8.0
18,18,14.624894476302506,1,1,0.0,5.0
23,29,13.662143595804569,0,1,0.0,2.0
-3,-3,5.915719134094512,0,0,0.0,7.0
-19,-12,13.847530254364656,0,0,0.0,12.0
13,19,2.8667602283861635,0,0,0.0,2.0
2,4,8.455170995657765,1,0,0.0,7.0
0,1,7.413732161445829,1,1,0.0,7.0
-8,-1,11.679769488164274,1,0,0.0,9.0
-8,0,9.735790337073373,1,1,0.0,7.0
17,25,3.9972569531358815,0,1,0.0,1.0
-8,0,0.4329029921954797,0,-1,0.0,8.0
-14,-6,2.9274463038176837,0,-1,0.0,12.0
7,8,9.958439762964819,1,1,0.0,6.0
0,6,8.7584564247295,0,0,0.0,6.0
-1,2,3.7150592169428167,1,-1,0.0,9.0
23,24,11.108552165503433,1,0,0.0,4.0
2,6,6.339602036953957,0,-1,0.0,7.0
27,29,2.018677083481349,0,1,0.0,1.0
-17,-11,7.051340167505505,1,-1,0.0,13.0
28,28,1.1546493860326952,0,1,0.0,1.0
-11,-2,1.3679922257418253,1,0,0.0,8.0
17,17,6.979586829848107,1,0,0.0,5.0
11,12,0.7869230834038476,1,1,0.0,4.0
-4,6,8.753623736451202,0,0,0.0,6.0
13,23,7.386701457800026,0,0,0.0,2.0
28,34,10.67387306313864,0,-1,0.0,4.0
-24,-19,7.880243591024449,0,0,0.0,15.0
4,8,12.653735085420891,0,0,0.0,7.0
16,17,2.6996420784233752,0,0,0.0,4.0
-24,-18,13.574516531502441,1,1,0.0,16.0
-18,-9,12.582109120368898,1,1,0.0,12.0
26,34,8.085403158730639,1,0,0.0,3.0
-15,-11,1.4047756406611094,0,0,0.0,11.0
12,14,5.105134094760878,0,0,0.0,4.0
-19,-13,3.503018740629169,1,1,0.0,11.0
18,20,13.342650631620266,0,0,0.0,3.0
-13,-11,10.2829941541535,1,1,0.0,12.0
-6,-5,2.636456719144125,1,0,0.0,12.0
22,24,7.338975491528698,0,1,0.0,1.0
-14,-12,13.4514738430534,1,0,0.0,13.0
-12,-6,2.8805408475305674,1,1,0.0,11.0
30,30,7.047019902152731,1,0,0.0,3.0
25,34,4.936568761491029,0,0,0.0,2.0
-26,-19,8.186415453066177,1,-1,0.0,17.0
18,22,0.5009583979172677,1,-1,0.0,4.0
14,21,13.254294205987414,1,-1,0.0,5.0
0,8,14.785893779227655,1,-1,0.0,9.0
1,10,11.49189490380163,0,0,0.0,7.0
21,28,2.355846024236751,1,1,0.0,2.0
3,7,14.584473784922311,1,1,0.0,7.0
-8,-7,7.577399017661312,1,0,0.0,12.0
23,31,1.3711904457275788,1,-1,0.0,4.0
-7,-4,0.6111439909474581,0,-1,0.0,8.0
11,11,7.148841637091301,0,-1,0.0,5.0
11,17,14.748638311488872,1,0,0.0,6.0
-14,-9,9.84446729085478,0,0,0.0,11.0
22,31,5.759418754937764,1,-1,0.0,4.0
-2,8,11.290587771490836,0,1,0.0,6.0
-11,-9,10.165063664474726,1,1,0.0,12.0
-20,-11,4.886371943373941,0,1,0.0,10.0
25,31,1.6965009147800996,1,0,0.0,3.0
14,16,0.1262299448036841,1,1,0.0,4.0
9,15,14.640716568003024,0,-1,0.0,6.0
7,17,14.571831959292188,1,1,0.0,5.0
5,9,1.935397295398988,1,0,0.0,7.0
-18,-11,9.933554932177877,0,-1,0.0,12.0
-5,3,5.987313094876547,1,0,0.0,8.0
-9,1,13.446496653570762,1,1,0.0,8.0
23,31,6.86741922042411,1,0,0.0,3.0
-3,0,13.566088713427025,0,-1,0.0,9.0
32,33,6.211717956557189,1,1,0.0,2.0
6,14,14.052848227890443,0,-1,0.0,6.0
14,17,0.7559243298992746,0,0,0.0,4.0
27,28,1.312841270925974,0,0,0.0,2.0
-13,-13,10.16371124894115,0,1,0.0,11.0
8,17,7.905823151584,1,0,0.0,5.0
23,25,13.923668971537005,1,0,0.0,4.0
-4,6,8.020463742828419,0,-1,0.0,7.0
35,35,14.725510317709755,0,1,0.0,2.0
21,28,10.125644002202357,0,0,0.0,3.0
0,2,11.09997724909316,1,0,0.0,9.0
-7,0,14.702320835189466,0,-1,0.0,9.0
29,31,14.348506773864314,0,0,0.0,3.0
-4,-1,11.475911730551706,1,1,0.0,8.0
26,26,9.031435308821903,1,1,0.0,2.0
23,33,0.8184971988526091,1,0,0.0,3.0
24,25,6.7846563578913095,0,0,0.0,2.0
22,22,6.311195871996845,0,-1,0.0,3.0
17,24,13.891567882227955,0,-1,0.0,4.0
28,29,1.57737367242134,0,0,0.0,2.0
9,17,13.331465498815957,0,1,0.0,4.0
2,10,7.117154238586451,0,-1,0.0,7.0
26,33,12.521478369475803,1,1,0.0,3.0
-10,-3,4.246162000725541,0,0,0.0,7.0
-22,-19,0.5150508936321568,1,1,0.0,15.0
-15,-6,1.6175409051201477,1,0,0.0,12.0
13,17,12.212934629759411,1,1,0.0,5.0
-19,-14,9.990242789720973,1,0,0.0,12.0
19,25,5.996890229745292,0,-1,0.0,3.0
15,25,13.477315317944235,0,1,0.0,2.0
-21,-11,10.91484145436011,1,0,0.0,13.0
14,22,8.396251235837324,0,1,0.0,1.0
-11,-6,0.5263166680172854,1,1,0.0,11.0
5,13,13.27891066731049,1,1,0.0,5.0
3,10,13.995671607705805,0,1,0.0,6.0
24,28,6.979491385549751,1,-1,0.0,4.0
-7,-5,6.81291679709715,0,1,0.0,10.0
-17,-8,4.401179975812561,0,0,0.0,11.0
-4,0,8.93714682681015,1,0,0.0,8.0
20,29,1.2636052172249683,1,1,0.0,2.0
7,10,1.6894511054312251,0,0,0.0,6.0
-11,-3,9.99234339150229,0,0,0.0,7.0
21,24,1.485042791414255,1,0,0.0,3.0
1,4,6.336470721564368,1,0,0.0,7.0
-20,-13,9.904246047163479,0,-1,0.0,12.0
-16,-14,14.77760983317743,1,-1,0.0,14.0
1,9,8.793839779429238,1,0,0.0,7.0
-10,-6,6.357674916384128,1,1,0.0,11.0
12,20,11.124557322080207,0,0,0.0,3.0
30,35,3.79914822418389,0,1,0.0,1.0
4,9,6.238864078933312,0,0,0.0,6.0
0,5,7.290839332299467,0,1,0.0,5.0
-19,-15,11.094059575205016,0,1,0.0,15.0
18,21,3.84871438427683,0,-1,0.0,3.0
-6,-4,1.4341372068691849,1,1,0.0,7.0
4,12,6.362515232296686,1,-1,0.0,6.0
-24,-15,12.48351923035597,1,-1,0.0,18.0
-21,-20,10.035898190118589,0,0,0.0,16.0
20,27,2.499983673049255,1,0,0.0,3.0
13,13,0.8794958438879669,0,-1,0.0,5.0
-12,-2,11.709631005051264,1,-1,0.0,10.0
1,9,14.142225177395023,1,-1,0.0,9.0
3,6,12.950868795589837,0,-1,0.0,8.0
-10,-9,11.302350532058101,1,1,0.0,12.0
-22,-12,10.756711285072273,0,1,0.0,11.0
18,20,9.375188277169045,0,1,0.0,1.0
-7,2,4.351478377285964,1,-1,0.0,9.0
4,8,5.011152923416978,1,1,0.0,6.0
17,22,10.085807726672254,0,-1,0.0,4.0
12,19,5.716823201287213,1,1,0.0,2.0
3,7,2.268016613824801,1,-1,0.0,8.0
-17,-9,12.167781163777274,0,1,0.0,11.0
15,25,9.301053540611592,1,1,0.0,2.0
26,31,3.582844874519414,0,1,0.0,1.0
-11,-11,1.4778564858948924,1,0,0.0,12.0
-4,0,12.527920884278894,1,1,0.0,8.0
-11,-6,14.95859637222633,1,-1,0.0,14.0
1,3,11.349492038814741,1,-1,0.0,10.0
23,28,5.474601112551579,1,1,0.0,2.0
-18,-8,3.3238083501591347,1,1,0.0,11.0
-13,-10,9.612663894831593,0,0,0.0,11.0
15,15,13.05006216954417,1,-1,0.0,7.0
-5,2,14.589888640535282,0,0,0.0,8.0
0,9,6.592837033009198,1,-1,0.0,8.0
12,19,5.580129784134226,1,1,0.0,2.0
6,8,6.876612512170854,0,0,0.0,6.0
2,5,1.0427354248029974,0,-1,0.0,7.0
13,17,3.487779474033731,0,0,0.0,4.0
-13,-9,14.5103998105848,1,1,0.0,12.0
10,17,3.62793695528294,1,1,0.0,4.0
0,7,10.127270344941275,0,1,0.0,6.0
25,29,3.2437796491036797,0,0,0.0,2.0
17,26,1.6090929546420614,0,0,0.0,2.0
9,13,9.9975952004896,1,-1,0.0,6.0
-17,-7,5.844580683428939,0,1,0.0,10.0
32,32,2.6637808118393744,0,1,0.0,1.0
1,7,10.038884775426661,1,1,0.0,7.0
-21,-19,2.7170138558132773,0,1,0.0,14.0
-21,-20,1.845054725755399,0,0,0.0,15.0
6,12,3.0331715788784956,0,-1,0.0,5.0
-14,-8,9.594956530518434,1,-1,0.0,13.0
-8,-8,2.3071682129622535,0,0,0.0,11.0
14,20,8.282635831128507,0,0,0.0,2.0
23,24,9.251043270607793,1,1,0.0,2.0
26,34,7.369594180898794,1,0,0.0,3.0
-7,-2,1.268598239188511,0,1,0.0,6.0
25,34,0.6740118711055609,0,1,0.0,1.0
17,25,10.046231413141724,0,0,0.0,3.0
-17,-10,3.1273963408589944,1,1,0.0,11.0
17,24,12.945958929905304,0,0,0.0,3.0
-8,-2,13.20622651717384,1,0,0.0,9.0
10,18,3.3855680733503886,0,1,0.0,3.0
-8,-8,8.155370502367782,0,1,0.0,10.0
-12,-11,5.135928422739725,1,0,0.0,12.0
-13,-5,2.906844973342025,0,1,0.0,10.0
-7,0,1.5031121459018826,0,1,0.0,6.0
19,27,5.696284060443659,0,0,0.0,2.0
7,13,5.90228111926998,0,1,0.0,3.0
-16,-14,5.667235700023151,0,1,0.0,10.0
3,9,7.289013837841814,1,-1,0.0,8.0
-2,6,13.30873211965857,0,0,0.0,7.0
0,0,2.1463605290263414,1,1,0.0,7.0
27,30,12.899661968959093,1,0,0.0,4.0
14,18,4.950285876900485,0,0,0.0,4.0
-6,0,11.703397710260035,1,1,0.0,8.0
15,16,6.895920318518319,0,-1,0.0,5.0
1,4,3.649590568334851,0,1,0.0,5.0
15,25,5.974408405512731,0,0,0.0,2.0
7,12,9.220029913965103,0,1,0.0,3.0
-17,-16,13.989686703823418,1,0,0.0,17.0
15,17,4.013306989506401,1,0,0.0,5.0
8,16,8.193813570288352,1,0,0.0,5.0
25,30,7.207570598028482,1,0,0.0,3.0
7,9,2.410868522396115,0,-1,0.0,7.0
0,5,2.5690526526631965,1,0,0.0,7.0
-24,-18,9.310628149168851,0,-1,0.0,16.0
0,4,3.5842640997892645,0,0,0.0,6.0
-4,-1,10.847272535449957,0,0,0.0,8.0
12,20,14.910854435662783,1,1,0.0,3.0
-18,-18,1.2753576513593927,0,0,0.0,15.0
6,10,0.3809374100247437,1,1,0.0,6.0
15,16,3.945857500225821,1,-1,0.0,6.0
16,25,12.05657537289042,1,1,0.0,3.0
-15,-8,1.1468927169109744,1,-1,0.0,13.0
-1,6,10.28918301618157,0,-1,0.0,8.0
-13,-9,12.151604795063387,1,1,0.0,12.0
18,19,9.637090095928036,1,-1,0.0,4.0
2,9,10.60879928096117,0,0,0.0,7.0
28,33,7.789474220357829,0,0,0.0,2.0
-15,-8,4.959870847103116,0,0,0.0,11.0
-2,-2,1.9813003075322948,1,-1,0.0,9.0
-14,-10,4.738271215389478,0,0,0.0,11.0
-14,-7,12.895944940148729,1,0,0.0,13.0
-18,-18,3.602358374595384,0,-1,0.0,16.0
13,17,1.7832837964310488,1,-1,0.0,6.0
-4,-3,11.95544528661711,1,-1,0.0,10.0
30,34,12.894989413776656,1,1,0.0,3.0
-18,-10,1.1304461157159924,0,1,0.0,10.0
-22,-12,0.4142417687971667,0,-1,0.0,12.0
-16,-15,5.260653157514904,0,-1,0.0,16.0
-11,-3,7.928519131921746,0,1,0.0,6.0
12,14,5.257984060286018,0,1,0.0,3.0
31,32,4.958552490971373,0,1,0.0,1.0
-2,6,6.725459585586313,0,-1,0.0,7.0
-14,-8,13.493639405645496,1,1,0.0,12.0
-11,-8,1.973827304207581,0,0,0.0,11.0
22,22,11.753789732795855,0,-1,0.0,4.0
17,18,11.922913964973144,1,0,0.0,6.0
-18,-8,5.300756103239653,1,-1,0.0,13.0
30,34,13.60922518363821,1,0,0.0,4.0
-19,-18,5.411469460262753,0,0,0.0,15.0
-11,-7,2.0324518099298814,1,-1,0.0,13.0
-20,-17,0.05467592810247501,1,1,0.0,15.0
-18,-11,5.420786567789945,1,0,0.0,12.0
26,33,1.895940260516313,0,-1,0.0,3.0
10,15,7.18391466407571,1,-1,0.0,6.0
2,9,2.081829683918779,0,0,0.0,6.0
11,18,3.765684690878224,0,-1,0.0,5.0
-25,-15,0.43295240314363104,0,1,0.0,14.0
15,19,2.3676276769827305,0,-1,0.0,3.0
-8,-8,13.01895484098447,1,0,0.0,13.0
0,3,10.60934354662623,1,-1,0.0,10.0
10,14,6.512413340859552,1,-1,0.0,6.0
9,14,8.747598830593402,0,0,0.0,4.0
7,7,0.5567648487425342,0,0,0.0,6.0
-4,4,3.373755181410609,1,1,0.0,6.0
31,33,12.523603651617652,1,1,0.0,3.0
3,5,7.181311433328215,1,0,0.0,7.0
3,5,9.561662580247507,1,-1,0.0,8.0
35,35,3.1913524087029193,0,-1,0.0,3.0
-7,3,11.8896227274722,0,-1,0.0,9.0
-5,-5,12.854348524081662,0,0,0.0,12.0
24,26,2.112970034030901,1,-1,0.0,4.0
15,15,8.995691900635528,1,0,0.0,5.0
12,18,2.9365220476992127,1,-1,0.0,6.0
-19,-17,8.955662828647105,0,0,0.0,15.0
-10,-3,4.361605789099709,1,-1,0.0,9.0
-9,0,9.068058253167974,1,1,0.0,7.0
-6,0,0.3552224559537853,1,1,0.0,7.0
4,6,1.811103443218693,1,1,0.0,6.0
5,10,7.379404393331463,1,-1,0.0,8.0
16,18,11.358130929230809,0,0,0.0,5.0
-7,-1,6.569845296607971,0,-1,0.0,8.0
5,13,10.900890148650873,0,-1,0.0,6.0
-10,-8,6.971064959047374,0,0,0.0,11.0
-25,-15,3.196680869347725,0,0,0.0,15.0
-19,-13,5.782894093734515,1,1,0.0,11.0
-13,-11,5.627734553112861,0,0,0.0,11.0
-19,-17,5.482936299701435,1,1,0.0,15.0
18,27,2.1815404116334394,0,0,0.0,2.0
20,30,14.736498173993917,0,-1,0.0,4.0
27,34,14.746393527100278,0,-1,0.0,4.0
-22,-18,6.775308115506249,1,-1,0.0,17.0
-13,-13,7.511212960028004,0,-1,0.0,12.0
13,18,14.616661840080246,1,1,0.0,5.0
24,28,14.079477554010678,0,0,0.0,3.0
13,15,5.060306577000906,0,-1,0.0,5.0
0,7,3.779250227725672,1,1,0.0,6.0
26,29,13.137733045447902,0,0,0.0,3.0
1,9,3.3541931341410685,0,0,0.0,6.0
16,26,13.282378513853107,0,-1,0.0,4.0
-17,-14,12.165509375759218,0,-1,0.0,13.0
-17,-15,6.426966844562674,1,1,0.0,15.0
17,25,12.806422553341546,0,-1,0.0,4.0
-20,-19,13.859254230860314,0,-1,0.0,17.0
28,29,1.63131080796926,0,0,0.0,2.0
26,32,14.9503718935619,0,-1,0.0,4.0
6,6,1.872368922047483,1,1,0.0,6.0
3,13,0.548450553641387,1,-1,0.0,6.0
21,28,3.4165654904351,1,-1,0.0,4.0
1,7,11.239208049512964,1,1,0.0,7.0
0,8,10.742794754938663,1,1,0.0,7.0
-20,-18,5.651304601673626,1,1,0.0,15.0
-18,-12,12.723407387412717,1,-1,0.0,14.0
-3,7,11.20319684725407,1,0,0.0,8.0
-15,-11,7.319263700265762,0,0,0.0,11.0
-27,-17,1.2710723643123871,1,-1,0.0,17.0
-3,-2,0.14660539788008908,1,1,0.0,7.0
3,10,5.0684993214942935,0,1,0.0,5.0
22,24,2.2694901662029867,0,0,0.0,2.0
30,31,2.1352795783543472,0,-1,0.0,3.0
9,11,10.211092580370416,0,0,0.0,5.0
-3,-2,1.5336438274451614,1,0,0.0,8.0
14,15,3.904175990621794,0,0,0.0,4.0
16,24,4.842246817994461,0,-1,0.0,3.0
-1,8,14.823769611584352,0,1,0.0,6.0
21,29,14.88616291608339,0,-1,0.0,4.0
14,24,1.107245988660932,1,1,0.0,2.0
-29,-20,1.3060809009794716,0,-1,0.0,16.0
4,5,10.56425809541928,0,0,0.0,7.0
-10,-9,13.992693025397651,1,-1,0.0,14.0
17,19,11.359433419514783,0,1,0.0,2.0
21,26,9.984823107350124,0,0,0.0,2.0
27,35,1.286187793647191,0,-1,0.0,3.0
5,5,6.290217407565596,0,1,0.0,5.0
18,21,7.556034458266306,0,0,0.0,2.0
10,19,7.223967602485926,0,1,0.0,1.0
13,17,12.527444545461838,1,1,0.0,5.0
12,15,2.448676980977227,1,-1,0.0,6.0
13,21,13.345997439784417,0,-1,0.0,4.0
27,32,8.457700327253622,0,1,0.0,1.0
-7,1,1.7512973227090933,1,1,0.0,7.0
-3,0,3.699021263426214,1,0,0.0,8.0
9,17,8.423932918800038,1,-1,0.0,6.0
17,19,10.85899231813432,0,-1,0.0,4.0
21,22,8.17074231212581,0,1,0.0,1.0
-10,-3,11.924414920713435,1,-1,0.0,10.0
-6,-5,4.289427554843575,1,-1,0.0,13.0
14,20,2.583580819510999,1,1,0.0,2.0
-3,6,10.347573115280388,1,1,0.0,7.0
-18,-9,12.781474019556015,0,1,0.0,11.0
-9,-7,1.1555308260590862,1,0,0.0,12.0
-6,-2,6.528877155901698,0,1,0.0,6.0
26,34,10.067733584396347,1,0,0.0,4.0
19,26,3.793674531832723,0,0,0.0,2.0
-15,-8,9.888593760186454,0,0,0.0,11.0
1,5,7.576989886255347,0,1,0.0,5.0
15,19,8.588665745474897,1,0,0.0,3.0
25,27,11.733751790529382,0,0,0.0,3.0
-14,-13,10.226839261510884,0,0,0.0,12.0
-13,-8,11.162648941866353,1,1,0.0,12.0
12,21,12.80842570930923,1,0,0.0,4.0
27,28,14.500692755980328,0,1,0.0,2.0
-17,-9,9.958613727281865,0,-1,0.0,12.0
-14,-13,6.541855514999161,1,0,0.0,12.0
2,7,3.7611284514208387,0,1,0.0,5.0
6,12,2.276707265006933,1,-1,0.0,6.0
6,14,3.1830127553579493,1,0,0.0,5.0
14,15,12.16682882968426,1,-1,0.0,7.0
-18,-18,3.936814666548437,0,-1,0.0,16.0
-12,-11,4.341698935883168,0,0,0.0,11.0
2,9,9.059253963208672,1,1,0.0,6.0
15,16,2.958105641613961,1,0,0.0,5.0
14,23,14.063953473198909,1,0,0.0,4.0
-15,-12,12.68837364528547,0,1,0.0,11.0
28,28,9.937116523056252,0,-1,0.0,3.0
-22,-17,13.447241010642742,0,0,0.0,16.0
21,29,2.6021206183421643,0,-1,0.0,3.0
5,6,8.804759341800084,0,-1,0.0,7.0
-27,-17,13.32381917536819,1,0,0.0,17.0
-9,-3,7.407298323265249,1,-1,0.0,9.0
22,27,13.983655983858956,0,0,0.0,3.0
26,33,6.636189103196559,0,0,0.0,2.0
-3,-1,0.6096884082429099,0,-1,0.0,8.0
17,25,12.333084675830575,0,0,0.0,3.0
21,23,4.30706552742172,1,-1,0.0,4.0
33,34,0.8567045939072465,1,0,0.0,3.0
19,23,1.3603909952935407,0,1,0.0,1.0
17,20,4.667557020790048,1,-1,0.0,4.0
-19,-9,5.692082610102183,1,0,0.0,12.0
31,31,4.558079130563852,0,0,0.0,2.0
2,10,10.834733744266044,0,0,0.0,7.0
22,29,10.552375985168595,0,1,0.0,2.0
-25,-18,4.602934534579558,0,1,0.0,14.0
6,9,14.42757740911855,0,1,0.0,6.0
-8,-5,10.77007969592727,0,1,0.0,11.0
23,28,9.731663531572048,0,-1,0.0,3.0
33,34,6.0392647450181505,1,0,0.0,3.0
30,35,1.757810949321696,1,0,0.0,3.0
-6,4,0.9574071562933517,1,-1,0.0,8.0
22,23,8.920757405690969,1,1,0.0,2.0
26,26,14.92398956375383,1,-1,0.0,5.0
-17,-13,14.077873656181994,0,1,0.0,11.0
6,14,7.855089399489252,0,0,0.0,4.0
28,31,12.064984432195503,1,0,0.0,4.0
-15,-15,11.098023863083275,0,-1,0.0,17.0
28,30,7.377306086556072,0,0,0.0,2.0
2,9,11.111220285819497,1,1,0.0,7.0
9,14,8.340852819229106,1,-1,0.0,6.0
25,26,1.222964500443604,1,1,0.0,2.0
31,35,13.690397091683947,1,-1,0.0,5.0
-3,-2,13.207892150996747,1,1,0.0,8.0
27,31,1.8988712878840486,0,1,0.0,1.0
0,9,0.7052042452382129,1,1,0.0,6.0
15,15,6.002116620603451,1,0,0.0,5.0
28,30,0.38960824961104534,0,1,0.0,1.0
31,32,3.5340274174467035,0,1,0.0,1.0
16,20,0.5365121126669387,1,1,0.0,2.0
-5,-2,5.049881962085646,0,0,0.0,7.0
18,26,9.674210560107595,0,1,0.0,1.0
-11,-7,12.37995611582828,1,1,0.0,12.0
-23,-13,10.591026694850157,0,0,0.0,12.0
11,11,11.214713227657102,0,0,0.0,5.0
-22,-19,5.945969697332591,0,-1,0.0,16.0
6,12,0.5229732686410427,0,0,0.0,4.0
0,10,8.055057381181872,1,-1,0.0,8.0
5,6,0.780335098782548,0,0,0.0,6.0
12,16,11.626319325530996,0,1,0.0,4.0
-25,-16,7.113734898742823,0,-1,0.0,16.0
1,3,12.90739911737023,0,-1,0.0,9.0
-20,-13,14.092563846528668,0,-1,0.0,13.0
-10,-5,8.468139622175311,0,0,0.0,11.0
-9,-1,8.49137738505483,0,1,0.0,6.0
-12,-8,13.880129032295672,0,0,0.0,12.0
18,21,4.516729322819769,0,0,0.0,2.0
18,26,2.4285771844331423,1,0,0.0,3.0
13,16,9.16197809338502,1,0,0.0,5.0
-4,-3,10.201245151641242,1,-1,0.0,10.0
-17,-7,10.613445132602397,0,-1,0.0,13.0
-12,-7,14.025171288255413,0,1,0.0,11.0
34,34,6.974736531074673,1,0,0.0,3.0
33,33,11.305600137114503,0,0,0.0,3.0
11,18,9.378161081115714,1,-1,0.0,6.0
28,30,7.3351513242678665,0,1,0.0,1.0
0,2,5.788677033378122,0,0,0.0,7.0
30,30,6.199416541900299,1,0,0.0,3.0
-10,-7,11.256897043520395,0,-1,0.0,13.0
-15,-12,7.37514785462942,0,0,0.0,11.0
15,21,5.496539863909354,1,0,0.0,3.0
-17,-8,0.5755342799532526,1,0,0.0,12.0
5,14,2.358214327085996,1,0,0.0,5.0
-8,-7,0.7067956500042688,1,1,0.0,11.0
9,12,8.77832588755775,0,0,0.0,4.0
7,15,4.65764354294716,1,1,0.0,4.0
22,25,11.100515487222777,0,0,0.0,3.0
-19,-12,10.505069141234431,1,-1,0.0,14.0
-16,-8,2.536837141503402,0,1,0.0,10.0
-16,-7,14.8578289360485,1,0,0.0,13.0
-12,-5,7.7982575505324245,1,0,0.0,12.0
2,11,10.785486291607912,1,0,0.0,6.0
-11,-9,10.440076463384301,0,1,0.0,11.0
-11,-11,2.286960552066908,1,0,0.0,12.0
-15,-12,3.0942756896416244,0,0,0.0,11.0
20,23,0.08996922824714093,0,1,0.0,1.0
-9,-1,3.2524395208244172,0,1,0.0,6.0
-5,1,3.8203781789480247,0,1,0.0,6.0
6,10,0.5231824263551177,0,1,0.0,5.0
28,31,14.410650952536317,0,0,0.0,3.0
-9,0,9.40858816679703,1,0,0.0,8.0
-19,-12,14.989290980846333,0,0,0.0,12.0
-7,0,2.5117379962952278,1,-1,0.0,9.0
1,4,2.489015786760981,1,-1,0.0,8.0
-20,-13,2.9269776206261833,0,1,0.0,10.0
2,3,11.832719423274328,1,0,0.0,9.0
25,29,12.000504864999424,1,-1,0.0,5.0
-17,-17,10.479954458110543,1,0,0.0,17.0
-26,-19,0.5857034205322492,0,-1,0.0,16.0
3,8,6.842985769070433,0,-1,0.0,7.0
34,35,12.630403003796943,1,0,0.0,4.0
12,14,6.788422138621752,0,0,0.0,4.0
-3,-3,14.148325728220764,0,1,0.0,7.0
-6,4,0.7072880810274168,0,-1,0.0,7.0
-18,-11,8.201377337748188,1,-1,0.0,13.0
-3,5,13.910469359477858,1,1,0.0,7.0
-7,-2,2.8175107928313996,0,-1,0.0,8.0
22,30,5.871901974275259,1,0,0.0,3.0
2,10,9.074347046254658,0,1,0.0,5.0
34,35,3.6451576931033336,1,0,0.0,3.0
-4,2,14.258512665500804,1,0,0.0,9.0
23,29,6.045663362729334,0,0,0.0,2.0
-23,-20,13.9183351748074,1,1,0.0,16.0
31,31,10.328223299848158,0,0,0.0,3.0
-8,-3,12.608503463299146,1,1,0.0,8.0
3,12,5.325289606479604,1,-1,0.0,6.0
30,33,12.768027201699404,0,-1,0.0,4.0
21,24,12.580754388212172,1,-1,0.0,5.0
-15,-6,9.259832809111021,0,1,0.0,10.0
1,1,9.632521514287546,0,1,0.0,6.0
-20,-11,12.950328682584896,0,1,0.0,11.0
5,13,8.149923185094455,0,0,0.0,4.0
15,20,8.260757486873166,1,0,0.0,3.0
25,35,10.83748170416605,1,0,0.0,4.0
27,29,0.09668058281569358,0,0,0.0,2.0
27,33,3.755968799939236,1,-1,0.0,4.0
-18,-16,12.855366746249196,0,-1,0.0,17.0
4,7,6.058557208507855,0,1,0.0,5.0
30,32,9.056172326417517,0,-1,0.0,3.0
-3,2,8.911867121426168,0,1,0.0,6.0
12,22,7.971854541387431,1,-1,0.0,4.0
19,28,0.6571849361833149,0,1,0.0,1.0
1,9,6.8475826992833095,1,-1,0.0,8.0
19,28,9.485026974915648,0,-1,0.0,3.0
9,14,0.42740148635442676,1,0,0.0,5.0
6,10,0.10507779803557549,1,0,0.0,7.0
5,7,3.2226664538560765,0,0,0.0,6.0
3,9,3.655651831622925,0,1,0.0,5.0
-9,1,8.189072472756282,0,-1,0.0,8.0
18,28,0.9092745194157659,1,-1,0.0,4.0
-23,-19,9.442169797049395,0,0,0.0,15.0
16,18,5.4365715877597145,1,-1,0.0,6.0
-9,-8,9.383301497826672,1,0,0.0,12.0
0,6,5.7208681355334035,0,-1,0.0,7.0
-7,-2,11.524685655917182,0,-1,0.0,9.0
-14,-6,14.618533781946132,1,0,0.0,13.0
11,15,6.867135450132461,0,-1,0.0,5.0
-16,-16,5.600982711360823,1,0,0.0,16.0
-16,-12,1.9418055995334749,1,1,0.0,11.0
-24,-16,6.610040245056854,0,0,0.0,15.0
18,25,1.958150541652448,0,0,0.0,2.0
19,23,4.722369463871941,1,1,0.0,2.0
-16,-6,14.306700196032109,0,-1,0.0,13.0
-6,-3,9.461493149222314,1,1,0.0,7.0
2,9,12.57165213292783,1,1,0.0,7.0
24,24,10.219120143691871,0,1,0.0,2.0
-4,4,14.670653585060835,1,1,0.0,7.0
-4,1,14.945233119574338,0,1,0.0,7.0
16,19,11.006903616644077,1,-1,0.0,5.0
19,28,12.771528461265333,0,1,0.0,2.0
19,24,0.23782196590482918,0,0,0.0,2.0
12,16,5.641756074646619,1,-1,0.0,6.0
-10,-10,4.520480952100649,1,0,0.0,12.0
18,21,11.098951607212435,0,-1,0.0,4.0
12,17,0.9153703266738172,1,-1,0.0,6.0
16,23,12.871448141173447,1,0,0.0,4.0
18,28,9.989670429082976,0,-1,0.0,3.0
24,31,14.285378616367767,1,0,0.0,4.0
18,26,8.562111157753142,1,0,0.0,3.0
-4,-2,2.2978620371843532,1,0,0.0,8.0
15,15,6.2289542079170195,1,1,0.0,4.0
0,3,14.771790882708325,1,-1,0.0,10.0
-15,-5,13.715870200190087,1,-1,0.0,14.0
14,23,2.249084264730845,1,-1,0.0,4.0
20,28,1.6656820857586023,0,0,0.0,2.0
25,30,11.310450542360078,1,0,0.0,4.0
31,35,8.837890696526962,0,-1,0.0,3.0
16,22,9.289601152351851,1,0,0.0,3.0
-24,-20,9.445077078315162,1,0,0.0,16.0
20,24,3.4862745564389797,0,-1,0.0,3.0
-3,-1,2.1188045671551943,1,1,0.0,7.0
-17,-9,13.098027456238789,1,1,0.0,12.0
-13,-4,7.9589785329069915,0,1,0.0,6.0
-6,-4,11.225426860873306,1,0,0.0,9.0
-20,-17,13.321072505707297,0,-1,0.0,17.0
-16,-10,14.884208522327112,0,1,0.0,11.0
14,21,1.6411088118371597,0,0,0.0,2.0
-1,2,12.675891258163029,1,1,0.0,8.0
-20,-12,10.887492702642938,0,1,0.0,11.0
3,9,13.629449727754755,0,0,0.0,7.0
-9,0,5.7026909979462355,1,-1,0.0,9.0
27,28,6.808481575215149,1,1,0.0,2.0
10,11,13.894767298762677,0,0,0.0,5.0
19,25,4.363666467225668,0,-1,0.0,3.0
17,18,7.833079815110776,0,-1,0.0,5.0
-6,2,5.0265648228265105,0,0,0.0,7.0
-22,-12,8.187365688861455,1,1,0.0,11.0
-5,-3,10.320317659308405,0,-1,0.0,9.0
-21,-16,13.6547424064958,1,0,0.0,17.0
-21,-13,7.028914182913003,0,1,0.0,10.0
-20,-11,14.325807442654586,1,-1,0.0,14.0
-22,-13,2.296934028952074,1,-1,0.0,13.0
20,26,0.09816540305203902,1,0,0.0,3.0
-11,-2,10.329533994510887,1,0,0.0,9.0
-9,1,3.076639224750336,1,1,0.0,7.0
-9,-3,8.639270915341129,1,1,0.0,7.0
-24,-14,3.68455703594001,0,-1,0.0,12.0
-26,-20,6.304963050073287,1,-1,0.0,17.0
4,10,3.7065709829370563,1,-1,0.0,8.0
33,34,8.399712454478196,0,1,0.0,1.0
-8,-3,9.42737604384595,0,1,0.0,6.0
-7,0,10.932092663323495,0,1,0.0,7.0
18,21,9.00444753866572,1,1,0.0,2.0
33,33,10.453409513975101,0,-1,0.0,4.0
-14,-7,5.930975597104728,1,1,0.0,11.0
28,30,2.3423240723402468,0,1,0.0,1.0
-4,2,13.096022985547837,0,1,0.0,7.0
18,18,0.0915150606533327,1,-1,0.0,6.0
-20,-11,7.54555863759479,1,0,0.0,12.0
-20,-15,12.52560988556782,0,0,0.0,16.0
8,15,14.926495329618573,1,0,0.0,6.0
11,19,7.31712957423111,1,-1,0.0,4.0
2,3,8.566067264131721,0,1,0.0,6.0
-6,4,7.301374844901582,0,1,0.0,5.0
-16,-15,10.756528393160037,0,0,0.0,16.0
-9,-6,1.0787438507418534,0,1,0.0,10.0
13,15,7.408488284194155,0,0,0.0,4.0
-23,-19,6.0212028063711545,0,-1,0.0,16.0
13,14,0.28094831610322835,0,1,0.0,3.0
5,12,9.914472283120434,1,1,0.0,4.0
1,9,2.233016443965941,1,0,0.0,7.0
7,15,10.543620466223002,0,0,0.0,5.0
6,15,13.534414966024357,1,-1,0.0,7.0
-10,-1,8.855043431169122,1,0,0.0,8.0
-12,-2,13.145352380669348,0,1,0.0,7.0
-23,-17,4.000630722064136,0,-1,0.0,16.0
14,23,9.735463702805195,1,-1,0.0,4.0
27,31,7.480282076328317,0,1,0.0,1.0
7,12,14.397176106740329,0,1,0.0,4.0
19,27,0.6139095212387607,0,1,0.0,1.0
12,12,6.879864783687422,1,-1,0.0,6.0
-14,-5,4.147210011559652,1,0,0.0,12.0
-20,-18,13.852175385774757,0,0,0.0,16.0
20,27,0.2393547054650319,0,-1,0.0,3.0
-17,-11,12.628743812086853,0,-1,0.0,13.0
23,25,7.451509747669287,0,0,0.0,2.0
21,30,6.126703579908598,1,-1,0.0,4.0
-1,9,11.443653808431762,1,-1,0.0,9.0
-22,-18,2.9131550217808675,0,1,0.0,14.0
-11,-4,6.8629131333985,1,1,0.0,7.0
31,34,10.084810888203766,0,1,0.0,2.0
30,32,1.3190974194416634,1,0,0.0,3.0
4,13,2.054694738126393,0,0,0.0,4.0
-4,6,5.9497658182317155,1,1,0.0,6.0
3,9,2.9659221101803657,0,-1,0.0,7.0
-28,-18,6.702361307816561,1,1,0.0,15.0
-19,-16,6.635262101539755,0,0,0.0,15.0
17,24,6.902514481770955,1,-1,0.0,4.0
0,1,11.496854925571919,1,-1,0.0,10.0
20,24,6.382589259991328,1,0,0.0,3.0
-9,-6,1.4641658378088889,1,0,0.0,12.0
-25,-18,7.463713639023975,0,1,0.0,14.0
-15,-8,0.7299062245706578,1,-1,0.0,13.0
22,30,14.860301707256722,1,0,0.0,4.0
3,4,7.417663705907546,1,0,0.0,7.0
-22,-17,10.349478231217041,1,0,0.0,17.0
14,22,0.5610486951231053,1,1,0.0,2.0
-26,-20,7.21308618340475,0,0,0.0,15.0
-10,-6,9.23430728689059,0,0,0.0,11.0
25,29,11.115437702258586,0,-1,0.0,4.0
7,14,11.317684067986542,1,0,0.0,6.0
5,7,4.458482815398422,0,0,0.0,6.0
13,15,10.876271154693512,1,1,0.0,5.0
13,22,1.391936704220259,1,-1,0.0,4.0
7,10,4.86193564918447,1,0,0.0,7.0
-20,-20,6.529924653210266,1,-1,0.0,17.0
0,9,9.880387397406011,1,0,0.0,7.0
3,7,2.356656017505425,0,-1,0.0,7.0
0,0,14.489354426283725,1,1,0.0,8.0
30,30,11.096727005060703,1,1,0.0,3.0
6,11,13.298734006990486,1,-1,0.0,7.0
-3,-1,9.879121035969364,0,0,0.0,7.0
15,20,7.620462400257026,1,-1,0.0,4.0
11,20,10.870315446449045,1,1,0.0,3.0
19,25,3.9729850928644526,0,1,0.0,1.0
-10,-4,9.435037011093554,0,1,0.0,6.0
25,35,8.359820242703975,0,-1,0.0,3.0
-28,-19,14.595569155523952,0,1,0.0,15.0
4,14,13.71524233167508,0,-1,0.0,6.0
9,11,10.21339214516364,0,1,0.0,4.0
-21,-20,0.32359973310484236,1,-1,0.0,17.0
-26,-19,8.665637995518463,1,0,0.0,16.0
17,23,12.775873565677879,0,-1,0.0,4.0
-21,-18,2.516560717775958,1,0,0.0,16.0
6,13,6.0378518270162,1,0,0.0,5.0
6,13,5.30267738409927,0,-1,0.0,5.0
24,29,8.792743930543214,0,1,0.0,1.0
8,10,4.320370860416049,0,1,0.0,5.0
32,35,12.599860094205203,0,0,0.0,3.0
-15,-12,8.248454258397931,0,0,0.0,11.0
-15,-5,14.755112963126464,0,1,0.0,11.0
6,7,8.907487180778167,0,-1,0.0,7.0
25,25,13.537666600277186,1,1,0.0,3.0
14,14,5.9741535584095145,0,1,0.0,3.0
31,31,12.236549472208686,0,-1,0.0,4.0
21,27,7.054480804299518,0,-1,0.0,3.0
6,10,6.479181935402606,0,-1,0.0,7.0
4,13,1.2388260919368899,0,1,0.0,3.0
-10,-8,10.644710574327153,1,-1,0.0,14.0
-19,-9,3.256338768261331,1,0,0.0,12.0
-23,-18,14.879635492116387,1,-1,0.0,18.0
3,9,6.325967709981754,0,0,0.0,6.0
-29,-19,0.2137501074862347,0,-1,0.0,16.0
18,18,11.555052763473105,0,0,0.0,5.0
-21,-13,9.936809979977337,0,1,0.0,10.0
3,12,14.63174741622006,1,-1,0.0,7.0
24,31,6.545927111758908,0,0,0.0,2.0
12,21,10.688148726577323,0,1,0.0,2.0
-13,-11,13.69140520930286,1,-1,0.0,14.0
-2,1,5.12504999502853,0,1,0.0,6.0
21,30,0.12743890574244965,0,0,0.0,2.0
7,15,6.90232935787745,0,1,0.0,3.0
25,29,4.62152671647771,0,-1,0.0,3.0
-7,-3,7.3741810594549815,0,-1,0.0,8.0
24,30,5.624308391306024,1,1,0.0,2.0
16,23,2.3429244879440905,1,1,0.0,2.0
-15,-10,5.639285889835866,1,-1,0.0,13.0
-1,9,3.593156767406595,1,-1,0.0,8.0
-6,3,1.9141187262045984,0,1,0.0,6.0
19,25,9.824326311658345,0,0,0.0,2.0
-9,1,6.3845506259886555,1,1,0.0,7.0
2,6,8.423578589117998,1,1,0.0,6.0
17,17,12.645398787380037,0,-1,0.0,6.0
-6,-1,8.746452458393923,0,-1,0.0,8.0
23,33,5.61471769785696,0,1,0.0,1.0
9,14,10.648264865062465,0,-1,0.0,6.0
-18,-11,2.866557514536023,0,0,0.0,11.0
11,15,12.194069337795954,1,-1,0.0,7.0
-16,-6,10.870567581758179,0,-1,0.0,13.0
-8,0,3.843155576235992,1,0,0.0,8.0
-4,-1,13.642134118378262,0,1,0.0,7.0
-9,0,11.859414675245072,0,0,0.0,8.0
16,19,10.459988337669385,0,0,0.0,3.0
-1,9,5.893794375566786,0,-1,0.0,7.0
9,9,1.3549224691736084,1,1,0.0,6.0
29,33,11.018155199582402,0,1,0.0,2.0
3,7,8.445924096165683,1,0,0.0,7.0
-27,-19,1.9092775551475931,0,0,0.0,15.0
15,15,8.21703480252955,1,1,0.0,4.0
2,2,5.311874759695889,0,-1,0.0,8.0
24,33,2.9089738160759238,1,1,0.0,2.0
6,8,5.715679183494759,0,0,0.0,6.0
21,22,2.538646156017066,1,-1,0.0,4.0
2,8,13.866577011331495,1,-1,0.0,9.0
18,19,7.528977785768279,0,-1,0.0,3.0
14,19,8.681995164102851,0,1,0.0,1.0
6,11,5.760798122541159,1,1,0.0,4.0
7,13,14.792828637215978,1,1,0.0,5.0
25,31,10.511785681865726,1,-1,0.0,5.0
-11,-4,14.692802726603711,0,-1,0.0,9.0
25,26,13.125579993311163,1,1,0.0,3.0
14,20,12.17020812240426,1,0,0.0,4.0
22,31,14.44706936485332,0,1,0.0,2.0
4,11,8.760429156831432,0,1,0.0,3.0
6,12,14.958019418190725,0,-1,0.0,6.0
15,19,9.019146248416183,1,1,0.0,2.0
12,19,11.569620271963043,1,1,0.0,3.0
3,11,6.369747511072289,0,0,0.0,4.0
26,34,4.480493823239186,1,-1,0.0,4.0
-13,-10,11.145843832303484,1,0,0.0,13.0
-14,-13,6.150428746726907,0,-1,0.0,12.0
-7,-4,2.411193058014006,1,-1,0.0,9.0
-9,-7,2.883472051993843,1,-1,0.0,13.0
-4,6,4.21130704277144,0,0,0.0,6.0
-13,-9,4.230117784266173,0,-1,0.0,12.0
27,28,2.584914683727572,1,0,0.0,3.0
-9,-5,9.108397278456293,1,0,0.0,12.0
12,16,13.722425999253348,1,0,0.0,6.0
-22,-14,1.722571010969205,1,0,0.0,12.0
-24,-16,7.167723253503388,1,-1,0.0,17.0
-11,-3,13.307248787391929,0,-1,0.0,9.0
-18,-12,5.867909755764499,0,-1,0.0,12.0
6,16,6.1495815736390655,0,1,0.0,3.0
7,14,9.902851415644943,0,0,0.0,4.0
-1,7,7.2127360402033585,0,0,0.0,6.0
15,23,4.821951970357577,1,-1,0.0,4.0
27,30,10.750745989395089,0,-1,0.0,4.0
-26,-17,2.5920887773924015,1,0,0.0,16.0
-5,2,1.2007572615197448,0,0,0.0,7.0
-2,-1,8.199142786420506,1,1,0.0,7.0
17,26,5.680813589240693,0,0,0.0,2.0
-12,-8,13.160881531530585,0,1,0.0,11.0
25,31,13.58468326137357,0,1,0.0,2.0
27,27,9.239923797179737,0,-1,0.0,3.0
-6,1,3.3318648631108374,1,1,0.0,7.0
-15,-7,12.875492328879071,0,0,0.0,12.0
-11,-11,9.803395106827688,1,0,0.0,12.0
-7,2,3.540978996862564,1,-1,0.0,9.0
-14,-4,12.641674239507333,0,1,0.0,7.0
24,32,2.255753275819432,1,-1,0.0,4.0
-13,-5,7.0306147594952515,1,1,0.0,11.0
7,13,9.53053746472975,1,0,0.0,5.0
-21,-14,3.175872511987075,0,-1,0.0,12.0
19,20,1.691572524168894,1,-1,0.0,4.0
25,35,0.659526599875711,0,1,0.0,1.0
27,34,9.300851550801685,0,1,0.0,1.0
6,10,12.639601544776594,1,-1,0.0,9.0
23,33,13.66127443067824,1,-1,0.0,5.0
1,4,8.360071295365442,0,-1,0.0,7.0
4,7,2.00850426202913,0,-1,0.0,7.0
18,23,6.53220431836151,1,-1,0.0,4.0
24,24,11.882377650434467,1,1,0.0,3.0
25,28,8.410742458521186,1,0,0.0,3.0
-10,-4,4.927407505924219,1,-1,0.0,9.0
-2,1,12.050433307199517,0,1,0.0,7.0
-27,-18,10.776907529564795,0,-1,0.0,17.0
13,23,11.631064320371374,0,1,0.0,2.0
23,32,11.897971800612218,1,-1,0.0,5.0
-27,-19,6.458736713174588,0,1,0.0,14.0
-17,-17,7.097901198904023,0,-1,0.0,16.0
-12,-7,4.215721067421179,1,0,0.0,12.0
-8,-4,14.938504662145633,0,0,0.0,8.0
-22,-15,7.448720609546261,1,0,0.0,16.0
-7,-5,6.789466325390364,1,1,0.0,11.0
26,35,12.79202253594518,1,0,0.0,4.0
0,3,11.3838067713479,0,0,0.0,8.0
5,13,8.840668719104155,0,1,0.0,3.0
-28,-18,0.1283358879099017,0,1,0.0,14.0
-18,-14,6.813281233876439,1,-1,0.0,13.0
16,22,6.8393648618983525,1,0,0.0,3.0
-22,-19,10.962171316801768,1,-1,0.0,18.0
28,28,8.192692731887316,0,1,0.0,1.0
-23,-13,2.277211194990853,1,-1,0.0,13.0
11,17,8.646560938390484,0,1,0.0,3.0
-18,-13,11.848112001077723,0,1,0.0,11.0
-22,-19,14.306357743714912,0,1,0.0,15.0
-12,-2,12.440932708689612,1,-1,0.0,10.0
-6,1,5.751424117743774,0,-1,0.0,8.0
-15,-13,1.3579634379873844,1,-1,0.0,13.0
7,17,3.7833544187616335,1,1,0.0,4.0
14,14,12.060560677710198,1,-1,0.0,7.0
21,26,11.61186701067056,1,1,0.0,3.0
-18,-12,3.4138108430412557,0,0,0.0,11.0
-6,3,11.301790129691241,1,0,0.0,9.0
4,12,13.959461194335752,0,0,0.0,5.0
-23,-15,0.8918154989234334,0,-1,0.0,16.0
2,9,14.568743819130958,0,0,0.0,7.0
-17,-16,14.91345831342889,1,-1,0.0,18.0
-5,0,12.937351897344417,0,1,0.0,7.0
-25,-17,3.8681141582991643,1,1,0.0,15.0
-12,-2,4.107909737258065,1,0,0.0,8.0
-1,-1,8.913220608986007,0,0,0.0,7.0
26,28,10.97563994716059,0,1,0.0,2.0
22,30,8.613437520186995,0,1,0.0,1.0
-24,-19,14.086947125265894,1,0,0.0,17.0
14,15,10.485858310738438,1,1,0.0,5.0
20,26,9.55353437072567,0,1,0.0,1.0
-20,-17,13.171260853652193,0,0,0.0,16.0
-2,-1,11.00862291751429,1,-1,0.0,10.0
19,28,4.540799794960914,1,1,0.0,2.0
-16,-8,8.09077670607917,1,0,0.0,12.0
-15,-8,2.0365909212284814,0,1,0.0,10.0
-10,-6,0.6025103727600212,0,0,0.0,11.0
-15,-7,3.642912845669441,1,-1,0.0,13.0
10,17,10.643196487537395,0,-1,0.0,6.0
1,5,2.5162946361927414,0,-1,0.0,7.0
15,15,2.929083465813373,1,1,0.0,4.0
9,19,2.2588817877882934,1,1,0.0,2.0
14,22,2.582978681930301,1,0,0.0,3.0
-11,-4,0.3170636084356354,1,0,0.0,8.0
-10,-4,11.698493154910125,1,-1,0.0,10.0
-17,-11,7.12491528092164,1,1,0.0,11.0
27,30,14.212445327611105,0,-1,0.0,4.0
-23,-17,2.453794984528525,1,1,0.0,15.0
1,8,14.77405385291133,1,-1,0.0,9.0
0,0,14.643076165772325,1,0,0.0,9.0
23,26,9.754995518844076,0,0,0.0,2.0
-16,-15,3.2356445481472766,0,0,0.0,15.0
-9,-5,4.537107327404725,0,-1,0.0,12.0
11,15,7.044391810817977,1,-1,0.0,6.0
10,16,14.661610236214614,1,-1,0.0,7.0
26,26,3.782263213011976,0,-1,0.0,3.0
15,23,3.2776975792345553,0,-1,0.0,3.0
11,18,8.926819122630272,1,0,0.0,5.0
-9,-4,9.537557097316325,0,0,0.0,7.0
31,32,14.36359570082629,0,-1,0.0,4.0
26,29,1.8127901651522926,1,-1,0.0,4.0
8,8,2.9578611942100737,0,-1,0.0,7.0
8,16,5.292894134013435,0,1,0.0,3.0
-22,-19,7.735354721333649,1,0,0.0,16.0
4,9,13.201385733068408,0,-1,0.0,8.0
20,30,3.027352750612115,1,-1,0.0,4.0
20,20,7.898729028112374,0,-1,0.0,3.0
5,15,12.211517442896596,0,0,0.0,5.0
2,8,3.097813547294705,0,0,0.0,6.0
-24,-18,10.12082491543412,0,1,0.0,15.0
-9,-9,12.33451247359532,0,1,0.0,11.0
9,17,10.400416567116842,0,0,0.0,5.0
35,35,9.725197410915992,0,1,0.0,1.0
3,9,10.485120910321339,1,1,0.0,7.0
-7,-1,12.73007022107198,0,0,0.0,8.0
-16,-16,6.633881584157461,1,1,0.0,15.0
-11,-2,3.2182450021617903,1,1,0.0,7.0
-13,-9,0.4867751219306904,1,1,0.0,11.0
-26,-20,5.015120083320085,1,1,0.0,15.0
14,22,12.554692286805164,1,-1,0.0,5.0
5,10,9.246289715343863,0,0,0.0,6.0
12,14,4.471030042499891,0,0,0.0,4.0
28,32,12.709717053580132,1,1,0.0,3.0
-7,-2,0.36669212898828685,0,0,0.0,7.0
13,15,0.3213617275025893,0,-1,0.0,5.0
6,9,1.2341547375442452,1,1,0.0,6.0
16,25,0.5990431370107507,0,-1,0.0,3.0
-13,-13,11.330256157263836,1,0,0.0,13.0
1,6,2.8303470196952807,0,1,0.0,5.0
30,31,1.8492272699929728,0,0,0.0,2.0
-5,-5,10.343674803799338,1,1,0.0,12.0
-16,-15,4.6908437424416505,1,0,0.0,16.0
-8,-7,14.83683334089898,1,1,0.0,12.0
-18,-16,12.200292622364689,1,-1,0.0,18.0
27,28,3.1790285119817616,0,0,0.0,2.0
10,17,3.737790124267513,0,1,0.0,3.0
-20,-14,11.081949308458688,1,1,0.0,12.0
9,18,5.08633476037808,0,1,0.0,3.0
-16,-14,8.292810805324727,1,0,0.0,12.0
-4,2,6.11186842360044,0,0,0.0,7.0
-5,5,4.329740939613102,0,0,0.0,6.0
9,14,2.7488714634891087,1,0,0.0,5.0
23,33,12.523286291624663,1,-1,0.0,5.0
6,14,11.708540908243826,0,0,0.0,5.0
-5,1,10.692906927134688,0,1,0.0,7.0
16,20,13.283525924107645,1,0,0.0,4.0
22,24,3.654392948708494,0,0,0.0,2.0
23,30,9.566663874225764,1,-1,0.0,4.0
18,22,2.1734556987182825,0,1,0.0,1.0
-10,-4,2.356698094625305,1,0,0.0,8.0
20,20,9.807766244909448,1,-1,0.0,4.0
24,28,1.0963101452898445,1,0,0.0,3.0
26,30,11.815945741806155,1,-1,0.0,5.0
-25,-19,3.5584856698603646,1,0,0.0,16.0
-25,-15,3.187207731742128,0,1,0.0,14.0
-21,-20,0.980585888964729,1,0,0.0,16.0
9,11,5.3021564873862195,1,0,0.0,5.0
-8,-2,6.276573979306792,0,0,0.0,7.0
-8,-5,14.337753871559816,0,1,0.0,11.0
18,24,12.854027180016521,0,0,0.0,3.0
30,31,8.909102800506666,0,0,0.0,2.0
-7,-2,9.357029015308166,0,-1,0.0,8.0
19,29,6.849285956048858,1,-1,0.0,4.0
-4,4,14.973665106487603,1,0,0.0,8.0
-4,2,13.877253328388553,1,0,0.0,9.0
-7,-5,5.686370563256185,0,1,0.0,10.0
-21,-12,12.818985207622374,0,1,0.0,11.0
-13,-10,6.569925171427869,0,-1,0.0,12.0
16,21,10.734933483493277,0,0,0.0,3.0
-19,-17,9.52111484220885,1,1,0.0,15.0
0,5,11.743514887592747,1,1,0.0,7.0
1,5,0.7090839907768121,0,0,0.0,6.0
22,30,5.666600938581404,1,-1,0.0,4.0
26,35,0.6410466820038901,0,0,0.0,2.0
-5,1,2.239287548271447,1,1,0.0,7.0
25,31,7.486987761687159,1,-1,0.0,4.0
1,11,6.296754823575788,1,-1,0.0,6.0
-14,-14,11.286528520518988,1,0,0.0,13.0
2,8,13.95596230215927,0,0,0.0,7.0
-13,-11,2.1097242177627304,0,0,0.0,11.0
7,13,2.938856056565091,0,1,0.0,3.0
25,30,13.46053212564099,1,1,0.0,3.0
-15,-6,10.18710542453473,0,1,0.0,11.0
16,20,11.78548799040413,0,1,0.0,2.0
-16,-14,13.462610562889465,1,-1,0.0,14.0
-2,-1,3.3913031281181794,1,0,0.0,8.0
-20,-14,6.097200416032236,0,1,0.0,10.0
-2,-1,2.4388809096442627,0,1,0.0,6.0
21,25,11.478688430624953,0,-1,0.0,4.0
-13,-12,10.497435068135928,1,1,0.0,12.0
6,6,9.081876341311261,0,-1,0.0,7.0
4,12,14.41343805607406,0,0,0.0,5.0
2,4,13.049445887627641,1,0,0.0,8.0
-1,0,11.606020920121853,1,1,0.0,8.0
-13,-9,4.781143194412572,1,0,0.0,12.0
-28,-20,8.513556074687333,0,-1,0.0,16.0
-4,-1,9.069638842614815,1,-1,0.0,9.0
9,18,4.66582618752653,1,1,0.0,4.0
16,25,3.2988293609612604,0,-1,0.0,3.0
5,6,8.600522379468206,1,0,0.0,7.0
-14,-7,11.694932679054283,0,0,0.0,12.0
-19,-9,6.566419871361542,1,1,0.0,11.0
17,18,2.819820323405651,0,1,0.0,3.0
19,29,2.0686494499081376,1,1,0.0,2.0
-14,-10,9.089880074661815,0,-1,0.0,12.0
10,11,1.6517327651658298,1,-1,0.0,6.0
30,32,4.589288755719373,0,-1,0.0,3.0
27,28,0.8795679596045153,0,0,0.0,2.0
31,31,11.446256221096466,0,1,0.0,2.0
-24,-17,6.920003269718781,0,-1,0.0,16.0
-3,2,6.942424636996114,0,0,0.0,7.0
-10,-10,3.213352047427019,0,-1,0.0,12.0
-1,9,2.461470877324008,1,-1,0.0,8.0
-13,-6,12.952410174845639,0,1,0.0,11.0
-19,-19,10.482672041993645,0,-1,0.0,17.0
31,35,7.396792200293328,1,-1,0.0,4.0
3,9,8.852014462304096,0,1,0.0,5.0
-20,-18,3.1660714958565443,0,0,0.0,15.0
5,10,5.326469456169746,1,1,0.0,6.0
-3,2,3.8322840074826328,0,1,0.0,6.0
-22,-15,7.3445169946572655,1,1,0.0,15.0
5,7,10.734593089128952,0,1,0.0,6.0
-22,-13,3.5828414640378954,0,1,0.0,10.0
30,32,2.555564833867188,1,-1,0.0,4.0
18,22,7.509671564907693,1,1,0.0,2.0
33,34,0.06697799062484855,1,1,0.0,2.0
14,24,0.06443303604741824,1,-1,0.0,4.0
5,7,1.1345335488263304,1,-1,0.0,8.0
-17,-11,10.560101370676803,0,-1,0.0,13.0
-26,-17,3.3294830069635184,1,0,0.0,16.0
-15,-13,0.4482851407490829,0,-1,0.0,12.0
-14,-8,6.531763088460838,1,1,0.0,11.0
8,10,12.134136989046326,1,1,0.0,7.0
-16,-14,4.964896108259424,1,1,0.0,11.0
17,24,6.375752209630457,1,1,0.0,2.0
24,30,0.1308349975506501,1,0,0.0,3.0
3,11,8.677257124805067,0,-1,0.0,5.0
-19,-14,6.5983537648772534,1,1,0.0,11.0
10,13,10.91574528625121,0,1,0.0,4.0
7,7,7.446939073128775,1,1,0.0,6.0
0,6,7.899936376954933,0,-1,0.0,7.0
17,23,6.816651531268758,1,0,0.0,3.0
-11,-9,3.8316525897483444,0,-1,0.0,12.0
-17,-17,11.01498167721745,0,-1,0.0,17.0
28,32,1.0120885538709845,1,1,0.0,2.0
5,10,9.269095480650956,1,-1,0.0,8.0
16,19,5.08358757704584,1,-1,0.0,4.0
9,11,7.4457944464542045,0,-1,0.0,5.0
4,13,3.1255237641918834,1,1,0.0,4.0
23,33,1.8345476981457294,0,0,0.0,2.0
1,2,3.030114096045474,1,-1,0.0,9.0
17,21,6.966201506147219,0,0,0.0,2.0
3,11,7.302986982712253,1,1,0.0,4.0
25,31,1.645732687713624,0,0,0.0,2.0
17,23,7.739910347011639,1,1,0.0,2.0
6,9,7.198760431795,1,-1,0.0,8.0
15,23,10.128154701103673,1,0,0.0,4.0
-9,-6,14.533132065122501,0,-1,0.0,13.0
-9,-4,10.19667551509211,0,1,0.0,7.0
27,30,13.01719200376908,0,-1,0.0,4.0
-24,-18,11.123303152742043,0,0,0.0,16.0
10,13,5.51001497376723,1,1,0.0,4.0
17,18,13.748924344054675,0,0,0.0,5.0
-17,-17,8.189589302995106,1,1,0.0,15.0
11,15,10.191040189660256,0,1,0.0,4.0
-12,-2,2.775421227802999,0,-1,0.0,8.0
-9,-4,7.675877945550991,0,-1,0.0,8.0
9,18,4.377243869531398,1,1,0.0,4.0
-21,-15,1.499996799415354,1,0,0.0,16.0
13,14,7.605552696709238,0,1,0.0,3.0
23,23,7.421107685969464,0,1,0.0,1.0
0,10,0.4026757927758817,1,-1,0.0,8.0
-22,-14,8.59992490379649,0,1,0.0,10.0
17,22,12.094509355125997,0,-1,0.0,4.0
-1,5,12.25645580082717,0,-1,0.0,8.0
-3,-2,7.4934756380138055,0,0,0.0,7.0
-15,-10,8.680876529841576,1,0,0.0,12.0
0,8,11.545402804073625,0,0,0.0,7.0
-6,-4,14.918997161510616,1,-1,0.0,10.0
-27,-18,9.31960422758783,1,1,0.0,15.0
16,19,9.245777525668057,1,0,0.0,3.0
9,11,12.627174538150467,0,1,0.0,4.0
3,7,11.84981434277651,1,0,0.0,8.0
-10,-10,2.8338131483348024,1,0,0.0,12.0
-7,0,3.5060176526070963,0,0,0.0,7.0
-13,-12,3.929758079183724,0,0,0.0,11.0
26,35,7.190958506311342,0,-1,0.0,3.0
26,28,12.840585035209834,1,1,0.0,3.0
-6,-6,7.06349065008977,0,0,0.0,11.0
-13,-5,10.838005318422976,0,-1,0.0,13.0
6,10,8.570751536398502,0,-1,0.0,7.0
26,32,1.6875725472780405,1,-1,0.0,4.0
7,13,8.70818372948985,0,-1,0.0,5.0
1,9,6.556313401060919,1,-1,0.0,8.0
15,23,9.34132508839522,1,1,0.0,2.0
23,28,14.216159649133589,0,1,0.0,2.0
8,11,4.390820055693526,0,0,0.0,4.0
3,8,14.498304911437387,0,-1,0.0,8.0
24,24,12.072725165973347,0,1,0.0,2.0
30,34,7.4455342183788,1,0,0.0,3.0
-4,2,8.448132734112404,0,0,0.0,7.0
0,10,2.0873774949112867,0,0,0.0,6.0
-20,-10,0.006965092062117262,1,1,0.0,11.0
-3,-3,7.775707856553667,0,1,0.0,6.0
-8,-8,2.236198204904556,0,0,0.0,11.0
8,15,8.362681277209923,0,0,0.0,4.0
19,27,7.850823811069644,1,-1,0.0,4.0
8,10,13.913637894560784,1,-1,0.0,9.0
-12,-8,5.04983113359774,1,0,0.0,12.0
9,13,13.117470850227571,0,0,0.0,5.0
13,20,14.300091601212783,0,-1,0.0,4.0
-8,1,2.7422345981818586,1,1,0.0,7.0
19,27,4.244509537678379,0,1,0.0,1.0
-24,-18,10.723516015948576,0,1,0.0,15.0
29,34,10.856761845458923,0,0,0.0,3.0
21,31,8.783076240802162,0,0,0.0,2.0
-16,-8,13.583062823335837,0,-1,0.0,13.0
24,33,10.384441072434505,1,-1,0.0,5.0
-29,-20,7.124723010614725,0,-1,0.0,16.0
0,2,2.7144591073930053,0,-1,0.0,8.0
-21,-14,13.795904057343307,1,0,0.0,13.0
13,17,7.796812715923306,0,1,0.0,3.0
3,8,10.588948095438159,1,-1,0.0,9.0
-9,0,6.82111135835325,1,-1,0.0,9.0
29,29,8.870143286021923,0,0,0.0,2.0
24,28,9.902392996428008,1,0,0.0,3.0
-7,-5,14.24923398127942,0,1,0.0,11.0
28,29,7.832841405359831,1,-1,0.0,4.0
-25,-16,5.275552772621983,1,-1,0.0,17.0
-3,2,1.1978621282944641,1,1,0.0,7.0
-8,-7,4.132358181608544,1,1,0.0,11.0
-5,-2,8.010059882231921,1,0,0.0,8.0
20,22,1.365455862826147,1,1,0.0,2.0
-21,-14,6.25376631096695,0,0,0.0,11.0
-22,-18,4.600096270048645,1,1,0.0,15.0
-8,2,3.0282939062974807,0,1,0.0,6.0
29,33,6.258170363520793,0,1,0.0,1.0
-23,-13,12.836145405029715,1,1,0.0,12.0
-20,-18,1.6353566628140526,1,0,0.0,16.0
32,35,9.970462970937607,1,-1,0.0,4.0
33,34,8.466412079526455,1,1,0.0,2.0
-21,-13,13.289708013174621,0,-1,0.0,13.0
-21,-11,1.8420170169147343,1,0,0.0,12.0
-20,-19,2.0029289193323225,1,1,0.0,15.0
16,26,4.043377838110326,0,-1,0.0,3.0
2,5,1.5970676942786965,1,-1,0.0,8.0
5,10,8.93508703314154,0,0,0.0,6.0
-12,-5,12.34002125264713,1,1,0.0,12.0
27,32,2.3883353920018546,1,0,0.0,3.0
18,24,14.941621314265422,0,0,0.0,3.0
3,10,14.099024029941052,1,-1,0.0,9.0
-11,-1,7.481446760663163,0,-1,0.0,8.0
28,35,5.882324243713169,0,0,0.0,2.0
9,15,0.22316018279495364,1,1,0.0,4.0
15,20,6.861060071299886,1,0,0.0,3.0
-14,-7,13.3489747863675,0,1,0.0,11.0
29,31,0.6998120626730353,0,1,0.0,1.0
23,31,8.401872367709652,1,0,0.0,3.0
24,27,10.326011589096943,0,1,0.0,2.0
-6,-6,8.609562331588606,0,-1,0.0,12.0
13,16,2.035702039541944,1,0,0.0,5.0
15,21,10.344607198929182,1,0,0.0,4.0
1,10,13.824933975633162,1,0,0.0,8.0
-5,-3,12.460354485147358,0,0,0.0,8.0
18,21,13.156882641821122,0,-1,0.0,4.0
-1,9,2.8798594003550293,1,1,0.0,6.0
-16,-9,7.076233208128973,1,1,0.0,11.0
28,29,12.585948200197414,0,1,0.0,2.0
14,15,2.649949711557316,0,0,0.0,4.0
-10,-7,1.2110954072259745,1,0,0.0,12.0
3,11,5.816633838242201,1,-1,0.0,6.0
6,12,0.979057832992114,1,1,0.0,4.0
-16,-16,6.942022606568045,1,0,0.0,16.0
25,30,4.171781430607001,0,-1,0.0,3.0
16,17,3.9921710512235102,1,-1,0.0,6.0
16,24,9.407218695750355,1,0,0.0,3.0
12,18,0.32383304274116453,1,1,0.0,4.0
-10,-1,5.331536574099668,1,0,0.0,8.0
13,21,3.1111660363183944,0,1,0.0,1.0
-12,-10,11.148728961783894,0,1,0.0,11.0
24,26,14.25219087104346,0,0,0.0,3.0
10,16,11.69689918168421,1,-1,0.0,7.0
-14,-5,14.528038811835398,0,-1,0.0,13.0
-10,-3,12.773384575755658,0,1,0.0,7.0
-19,-12,8.799660661406406,0,-1,0.0,12.0
18,25,2.918462251715667,0,1,0.0,1.0
24,33,14.58464441287544,0,-1,0.0,4.0
28,32,4.9869465104396244,1,1,0.0,2.0
-12,-6,8.002782200729985,0,1,0.0,10.0
-19,-13,6.694843798684052,0,0,0.0,11.0
12,16,0.4260485043394663,0,0,0.0,4.0
20,27,10.78796140481848,0,1,0.0,2.0
13,18,5.732701555632236,0,0,0.0,4.0
-8,-6,8.164967441779655,0,0,0.0,11.0
18,22,14.508520788689317,0,1,0.0,2.0
-9,0,12.581637007953042,0,0,0.0,8.0
-25,-19,6.927252403495049,1,0,0.0,16.0
20,26,3.7021185847739306,1,-1,0.0,4.0
4,7,4.179829803180032,1,0,0.0,7.0
-25,-19,8.480603232933323,0,-1,0.0,16.0
6,11,6.353870579879854,1,1,0.0,4.0
-8,-8,13.549573507001051,0,0,0.0,12.0
11,14,10.297636856818903,1,0,0.0,6.0
-19,-13,0.18136481459893494,1,1,0.0,11.0
17,19,7.352189191420846,0,-1,0.0,3.0
26,28,8.470996037710286,1,0,0.0,3.0
-12,-7,7.099751342280959,0,0,0.0,11.0
-11,-6,2.5951172807964102,0,1,0.0,10.0
22,23,4.514195524527532,0,1,0.0,1.0
14,22,4.880150606841793,0,-1,0.0,3.0
-13,-8,3.261330401088889,1,0,0.0,12.0
22,23,10.3808481482544,0,0,0.0,3.0
24,33,13.799894195655348,0,0,0.0,3.0
19,21,7.736023155184194,0,-1,0.0,3.0
-9,1,1.877554564355322,0,1,0.0,6.0
16,24,5.669574439690878,1,-1,0.0,4.0
23,25,4.398129939909631,1,0,0.0,3.0
11,18,11.461549586488475,1,-1,0.0,7.0
19,24,12.074004062454774,0,1,0.0,2.0
26,30,12.173986930221607,1,1,0.0,3.0
6,6,14.712874234018239,0,-1,0.0,8.0
11,18,9.92102883509109,1,0,0.0,5.0
-7,1,4.470870292530259,0,0,0.0,7.0
24,27,12.76989966190777,0,-1,0.0,4.0
-23,-18,6.988169610815274,1,-1,0.0,17.0
-8,-8,9.885937652910593,0,1,0.0,10.0
-11,-5,5.988180521964945,0,1,0.0,10.0
-9,-9,5.913588280976198,0,0,0.0,11.0
11,19,14.718449086407388,0,1,0.0,2.0
16,16,10.865755112374641,0,1,0.0,4.0
-21,-18,14.152216735017996,1,-1,0.0,18.0
-17,-10,11.59001078727227,0,1,0.0,11.0
0,10,6.98582218372358,1,0,0.0,7.0
24,30,12.166558159209291,1,0,0.0,4.0
-20,-18,2.8753465764131563,0,0,0.0,15.0
6,9,0.8878829328641852,1,-1,0.0,8.0
15,18,0.44921023753330624,1,0,0.0,5.0
-29,-19,2.5304894346365954,1,1,0.0,15.0
9,16,1.6773864958362323,0,0,0.0,4.0
-15,-12,14.838611121918225,0,-1,0.0,13.0
-18,-8,14.1966720941249,0,1,0.0,11.0
14,22,6.051865788427852,1,-1,0.0,4.0
15,22,1.6665564644852704,0,-1,0.0,3.0
34,35,14.2509775739203,1,0,0.0,4.0
-3,6,11.152224200490776,1,1,0.0,7.0
26,29,8.980260871966024,1,0,0.0,3.0
-14,-11,10.43277983942986,0,1,0.0,11.0
-20,-18,13.819541371066402,1,0,0.0,17.0
-23,-18,10.454291269935908,1,1,0.0,16.0
-3,-1,13.164942675293684,0,0,0.0,8.0
17,17,0.08584548557683758,1,1,0.0,4.0
17,27,0.38101141138280503,1,-1,0.0,4.0
-12,-2,8.495814579320648,1,-1,0.0,9.0
22,25,9.364977711404821,0,1,0.0,1.0
-23,-19,11.46502343794141,1,0,0.0,17.0
0,2,13.448503825249515,0,-1,0.0,9.0
9,16,2.578421385667487,0,1,0.0,3.0
-17,-8,14.211596142615273,0,1,0.0,11.0
-9,-7,0.590736439675823,1,0,0.0,12.0
-21,-14,5.019308142559319,1,1,0.0,11.0
-4,3,12.042770021115203,0,1,0.0,7.0
-11,-5,11.006067250718713,0,-1,0.0,13.0
-22,-17,12.284261454705096,0,0,0.0,16.0
-26,-16,14.356237158865763,1,-1,0.0,18.0
-8,-8,8.381283835427352,1,0,0.0,12.0
-15,-8,10.975788762978539,0,0,0.0,12.0
25,29,8.112812335754105,1,0,0.0,3.0
-13,-12,6.575277018467875,1,1,0.0,11.0
-14,-10,4.741741055790125,0,0,0.0,11.0
-4,-1,1.8081321490132929,1,0,0.0,8.0
-7,-6,6.943729288474159,0,-1,0.0,12.0
4,7,14.510807753063322,1,0,0.0,8.0
6,15,0.5558335000216974,0,0,0.0,4.0
8,9,14.386676682917305,0,0,0.0,7.0
-18,-10,5.289112233405195,1,0,0.0,12.0
9,13,3.426414949323579,0,0,0.0,4.0
2,11,1.8891265967873432,0,1,0.0,3.0
-9,-9,7.910269763917885,0,-1,0.0,12.0
15,20,2.3276276087746073,0,-1,0.0,3.0
2,3,7.492848373514225,1,0,0.0,8.0
5,6,12.436701950629732,1,-1,0.0,9.0
7,15,14.373661728771733,0,0,0.0,5.0
0,8,0.3969230974718907,0,-1,0.0,7.0
26,26,5.333491216979791,1,1,0.0,2.0
-5,0,14.376486909903692,0,1,0.0,7.0
19,25,0.8228415237917963,1,0,0.0,3.0
32,34,2.8473937187680276,0,0,0.0,2.0
7,7,11.736721670657632,0,-1,0.0,8.0
-10,-7,14.79250460195848,1,-1,0.0,14.0
-6,3,9.102563602218016,1,-1,0.0,9.0
10,10,14.378303728895494,1,1,0.0,7.0
-18,-15,3.8279220875459465,0,1,0.0,14.0
-1,-1,1.5136146308959286,0,-1,0.0,8.0
-1,0,1.982997740762441,1,1,0.0,7.0
7,8,13.929164777868824,1,-1,0.0,9.0
-25,-18,13.577529377011816,0,0,0.0,16.0
-7,1,10.927509762642613,1,0,0.0,9.0
28,34,6.227598526152492,0,-1,0.0,3.0
-16,-11,10.211151378467989,1,0,0.0,13.0
-12,-3,14.513229895649925,1,0,0.0,9.0
-11,-1,5.81629004632058,0,0,0.0,7.0
-7,1,8.591163513167665,0,-1,0.0,8.0
17,21,5.3607558543947365,1,-1,0.0,4.0
16,22,0.6761216532580444,0,1,0.0,1.0
-11,-1,14.412377291264237,0,1,0.0,7.0
-1,8,0.45774404543791114,0,0,0.0,6.0
27,35,10.696128326144025,0,1,0.0,2.0
14,21,8.433600123397142,0,-1,0.0,3.0
27,35,14.003013880060315,0,-1,0.0,4.0
-14,-7,8.78392600635093,0,-1,0.0,12.0
31,35,9.104460850634423,0,1,0.0,1.0
14,24,11.24515569186591,0,1,0.0,2.0
-15,-10,5.36106580788182,0,0,0.0,11.0
22,31,7.576199736307264,0,1,0.0,1.0
22,23,5.983684301972802,0,0,0.0,2.0
9,18,9.946647114508227,0,-1,0.0,5.0
-28,-19,13.960280901191508,0,1,0.0,15.0
-10,-3,8.348884584917595,0,1,0.0,6.0
-19,-19,3.900021958968272,0,-1,0.0,16.0
-26,-17,0.9645703244457904,0,1,0.0,14.0
7,9,11.911650511029496,1,0,0.0,8.0
5,14,14.366380965740008,0,-1,0.0,6.0
-16,-7,0.4170202063134065,0,0,0.0,11.0
26,28,10.320402277462843,0,1,0.0,2.0
3,13,6.61793436520762,0,1,0.0,3.0
-19,-15,5.797617869336645,1,1,0.0,15.0
-29,-19,11.12321348888662,0,0,0.0,16.0
-15,-7,6.3761825200377045,0,-1,0.0,12.0
26,26,2.4146347017457814,0,0,0.0,2.0
-27,-17,13.295800799631238,0,0,0.0,16.0
-6,3,2.3870203280894584,1,0,0.0,8.0
1,2,5.317638609159509,0,-1,0.0,8.0
1,10,8.677331219407552,0,0,0.0,6.0
5,13,7.534529222016944,0,1,0.0,3.0
0,9,5.152619566276856,0,-1,0.0,7.0
30,30,7.049367874499614,0,-1,0.0,3.0
18,18,14.790058843432861,1,-1,0.0,7.0
1,10,1.5393378263998931,0,0,0.0,6.0
17,20,4.891753984322744,0,0,0.0,2.0
-8,1,1.3613625590619511,0,0,0.0,7.0
25,29,9.100530319433771,1,-1,0.0,4.0
-16,-7,7.735868591904156,0,1,0.0,10.0
21,22,10.893742156996097,1,1,0.0,3.0
2,7,13.247046512745413,1,-1,0.0,9.0
15,16,10.332584714350496,1,-1,0.0,7.0
-18,-8,0.9525185709535916,0,0,0.0,11.0
0,1,11.580531438947364,1,1,0.0,8.0
-26,-20,3.333452304443976,0,1,0.0,14.0
31,32,4.324842802139248,0,1,0.0,1.0
-6,-1,14.127383568471233,0,1,0.0,7.0
-13,-12,7.372312450558262,1,-1,0.0,13.0
-1,5,1.8100211904513075,1,1,0.0,6.0
-2,-1,6.006864695340498,0,1,0.0,6.0
25,35,7.086708316808707,1,1,0.0,2.0
12,14,4.493597670733819,0,1,0.0,3.0
15,24,3.4515504800316608,0,-1,0.0,3.0
27,35,6.548033423941013,0,0,0.0,2.0
3,11,11.384702145653899,0,0,0.0,5.0
23,30,5.238158660844492,1,1,0.0,2.0
12,13,4.384671525104603,0,0,0.0,4.0
6,10,10.401572352943179,1,0,0.0,8.0
-17,-16,1.4731698405987492,0,1,0.0,14.0
-17,-8,9.478981117085604,0,1,0.0,10.0
31,33,1.5799758103990684,1,1,0.0,2.0
25,31,10.173163116380705,1,1,0.0,3.0
2,4,5.5534892782408924,0,-1,0.0,7.0
4,7,7.824456399864287,0,1,0.0,5.0
-1,0,8.035449833842835,1,0,0.0,8.0
26,33,5.703910297240824,0,1,0.0,1.0
6,8,4.836573404973326,1,0,0.0,7.0
-1,9,7.900287739067517,1,1,0.0,6.0
0,10,13.56320608285653,1,-1,0.0,9.0
11,14,11.7469133158918,0,0,0.0,5.0
-18,-14,1.574170249767537,0,0,0.0,11.0
-11,-1,12.40553905250878,1,0,0.0,9.0
-27,-17,0.780266987424586,1,1,0.0,15.0
-1,0,6.075303970562581,0,1,0.0,6.0
15,25,8.81941292535103,0,1,0.0,1.0
-17,-7,2.5322578523648476,0,1,0.0,10.0
22,25,8.417669457827836,0,1,0.0,1.0
11,12,9.018742155056895,1,-1,0.0,6.0
-15,-7,10.562652716795133,1,-1,0.0,14.0
14,19,1.2045893252041222,0,1,0.0,1.0
15,20,10.950145517826337,0,0,0.0,3.0
30,34,9.127894877823566,0,-1,0.0,3.0
20,20,1.0616135404163918,0,-1,0.0,3.0
21,30,12.816016308375906,1,-1,0.0,5.0
19,28,0.6124230341571002,0,0,0.0,2.0
-3,5,14.142349614764246,1,0,0.0,8.0
19,29,5.049020267559544,1,-1,0.0,4.0
31,31,3.230150129712897,0,-1,0.0,3.0
25,25,2.8844480381079562,1,1,0.0,2.0
10,16,7.379525947712284,1,-1,0.0,6.0
-1,4,12.55153646540518,0,-1,0.0,8.0
-8,-4,12.078033092620352,0,-1,0.0,9.0
-2,4,14.909456681015081,0,-1,0.0,8.0
10,18,6.462332824199642,1,0,0.0,5.0
18,20,6.400171183232739,0,-1,0.0,3.0
21,22,13.735018005309099,1,0,0.0,4.0
10,20,1.2417834125732345,0,0,0.0,2.0
-3,-2,7.149539354587754,1,1,0.0,7.0
-24,-18,12.579083501376044,1,0,0.0,17.0
-15,-11,12.662015394507973,0,1,0.0,11.0
3,8,10.152124578543464,1,1,0.0,7.0
31,31,8.955498449386146,1,0,0.0,3.0
-17,-9,11.44931063763241,1,1,0.0,12.0
28,30,5.054770173621675,1,1,0.0,2.0
12,14,12.749922051378457,0,1,0.0,4.0
11,14,3.8759182128244705,0,-1,0.0,5.0
28,31,11.835817892204034,0,0,0.0,3.0
-25,-15,13.23007053230558,0,-1,0.0,17.0
24,25,14.98339587321724,0,-1,0.0,4.0
24,26,11.967361751447886,1,-1,0.0,5.0
-5,-5,0.40179875394666553,0,1,0.0,10.0
29,30,12.416237308624934,1,-1,0.0,5.0
21,27,2.8268221034824648,0,0,0.0,2.0
-10,-7,3.6335442470311086,0,1,0.0,10.0
9,9,13.071755454650422,1,-1,0.0,9.0
-10,-9,7.581121428119344,0,-1,0.0,12.0
-11,-11,14.610348311466954,0,1,0.0,11.0
10,12,0.17283050719446524,0,-1,0.0,5.0
-21,-14,10.237888652645955,1,1,0.0,12.0
-16,-6,10.211001954931314,0,0,0.0,12.0
19,29,0.013046887135777507,0,-1,0.0,3.0
-9,-8,1.503336534190649,0,0,0.0,11.0
0,1,11.285881431367207,0,-1,0.0,9.0
17,20,10.369435259859424,0,0,0.0,3.0
-23,-17,10.952351145088802,0,0,0.0,16.0
-3,-1,3.098309316060808,0,-1,0.0,8.0
16,26,2.7398945909596453,1,1,0.0,2.0
-20,-19,0.8165603643630032,0,1,0.0,14.0
-22,-12,7.777981126984579,0,1,0.0,10.0
-24,-18,4.130671651916048,0,1,0.0,14.0
-9,0,9.916591627511055,1,-1,0.0,9.0
-20,-16,10.3864120913027,1,-1,0.0,18.0
24,27,10.360105301462614,1,1,0.0,3.0
-21,-19,7.827231512222268,1,0,0.0,16.0
16,18,0.7034042279422897,1,0,0.0,5.0
24,30,0.1170227255975842,0,-1,0.0,3.0
15,17,7.174658778183334,1,0,0.0,5.0
-6,2,9.452194141074383,0,1,0.0,6.0
22,22,6.827473488460941,1,-1,0.0,4.0
-24,-16,8.532005609526855,1,0,0.0,16.0
11,11,11.488687896701094,0,1,0.0,4.0
-13,-8,3.5099229153685716,1,1,0.0,11.0
-4,4,2.611378329808111,1,1,0.0,6.0
12,15,12.531043500605215,1,-1,0.0,7.0
-28,-19,10.698735004849404,0,0,0.0,16.0
31,34,9.501078737825194,1,0,0.0,3.0
-8,-8,1.5170600420236957,1,1,0.0,11.0
11,18,10.166462093874479,1,-1,0.0,7.0
-3,3,13.450110463214926,0,-1,0.0,9.0
-11,-9,0.4120522287208678,1,-1,0.0,13.0
-15,-14,2.3070200280305415,0,0,0.0,11.0
19,25,14.56091886889509,1,0,0.0,4.0
-21,-16,0.8302609091819146,0,0,0.0,15.0
-3,4,3.4715658704706787,0,0,0.0,6.0
-11,-4,0.4254397781763719,1,0,0.0,8.0
5,9,7.138948040704797,0,0,0.0,6.0
24,28,9.19993511840721,0,-1,0.0,3.0
13,14,10.376403163503852,0,-1,0.0,6.0
-15,-15,10.05016776894158,0,-1,0.0,17.0
8,10,0.9739986208394519,1,-1,0.0,8.0
21,24,11.867452389610728,1,-1,0.0,5.0
-14,-7,0.07211113211229636,0,1,0.0,10.0
-20,-14,10.875266964396445,1,0,0.0,13.0
-19,-10,10.473790614784395,0,0,0.0,12.0
32,35,1.984467227479264,1,1,0.0,2.0
27,32,11.443142293938479,1,1,0.0,3.0
34,34,3.5287536436134954,1,1,0.0,2.0
-1,7,4.276107961352177,1,-1,0.0,8.0
0,9,7.029556507194271,0,0,0.0,6.0
-25,-18,3.454551179821725,0,1,0.0,14.0
-6,3,14.161459595391236,1,-1,0.0,10.0
-19,-12,11.399992540775166,0,1,0.0,11.0
21,26,0.8335397713812365,1,0,0.0,3.0
5,10,10.797098759207696,0,1,0.0,6.0
-12,-3,1.8330229039314312,1,-1,0.0,9.0
9,13,6.6004368413736705,1,0,0.0,5.0
-7,-2,13.494199466943469,0,-1,0.0,9.0
16,19,11.048476891580973,1,-1,0.0,5.0
16,26,4.10215028791988,0,0,0.0,2.0
-14,-5,3.5544302286878473,1,-1,0.0,13.0
-7,-6,14.95557964945064,1,1,0.0,12.0
-8,-1,8.997801643053391,0,-1,0.0,8.0
9,14,8.453276575044454,1,-1,0.0,6.0
19,28,2.4167436908681665,0,1,0.0,1.0
-17,-8,4.263424634838537,1,1,0.0,11.0
-7,-6,1.4918549733701818,0,0,0.0,11.0
17,21,8.903362333150978,1,0,0.0,3.0
-14,-5,11.968257823014895,1,-1,0.0,14.0
-7,1,14.534796481522504,0,-1,0.0,9.0
22,32,12.721218185140138,1,-1,0.0,5.0
-26,-20,13.157559816418111,1,-1,0.0,18.0
29,35,9.818507780884765,0,-1,0.0,3.0
3,3,1.6265383987186255,1,0,0.0,8.0
19,25,7.019601126311342,0,1,0.0,1.0
-16,-11,11.650127513059147,1,-1,0.0,14.0
-20,-15,13.426969283411202,0,0,0.0,16.0
-20,-11,9.531782707423476,0,-1,0.0,12.0
24,24,6.527705569944232,0,0,0.0,2.0
25,25,13.180867569559874,1,-1,0.0,5.0
-13,-3,2.632516989675175,1,1,0.0,7.0
12,21,8.861924679727556,1,-1,0.0,4.0
29,32,12.04589311688122,1,1,0.0,3.0
-8,-4,4.815613376457949,1,0,0.0,8.0
11,21,14.515769990397017,0,0,0.0,3.0
-21,-15,12.838246679372157,1,-1,0.0,18.0
0,3,1.6404196752962374,1,0,0.0,8.0
-14,-5,10.076538592530044,1,0,0.0,13.0
-18,-18,6.488117074407339,1,-1,0.0,17.0
16,17,12.119119483458219,1,-1,0.0,7.0
10,17,6.515050139545584,0,1,0.0,3.0
-22,-15,13.774815996157772,0,1,0.0,15.0
5,14,5.126397358066653,1,0,0.0,5.0
9,13,13.298136525298222,0,-1,0.0,6.0
29,31,9.629396387110242,1,-1,0.0,4.0
-14,-6,10.813609660002225,0,-1,0.0,13.0
21,24,1.309939480735366,0,-1,0.0,3.0
-5,-1,4.771595175388485,0,1,0.0,6.0
19,20,1.7439460014355128,1,-1,0.0,4.0
28,35,6.200118275215485,0,-1,0.0,3.0
15,18,9.053286831412201,0,-1,0.0,5.0
-25,-20,3.9976065135783134,0,0,0.0,15.0
21,26,0.9668415433404398,1,1,0.0,2.0
-3,5,13.897849452093052,1,1,0.0,7.0
14,20,2.2052796430251465,1,-1,0.0,4.0
-14,-14,5.11143995420794,0,-1,0.0,12.0
-20,-15,3.7221623225111955,0,0,0.0,15.0
-19,-11,0.225580490405764,0,1,0.0,10.0
-21,-19,7.533945168439942,0,0,0.0,15.0
6,11,12.893226748749537,0,1,0.0,4.0
7,9,0.7548759569326957,1,0,0.0,7.0
-11,-5,7.3735400572028915,0,-1,0.0,12.0
-18,-11,13.302770915603494,1,0,0.0,13.0
-6,-2,4.223270484242098,1,0,0.0,8.0
2,12,12.305622215250201,0,0,0.0,5.0
-2,2,9.165103106595303,0,-1,0.0,8.0
6,13,2.1085158550034193,1,0,0.0,5.0
-22,-15,6.174389263979729,0,0,0.0,15.0
-27,-20,3.0641853155187926,0,-1,0.0,16.0
24,28,13.919144039369465,1,0,0.0,4.0
21,28,5.422280451266163,1,-1,0.0,4.0
25,35,3.4395289824379587,0,1,0.0,1.0
19,21,3.044972229303129,0,0,0.0,2.0
21,25,11.201038098187379,0,-1,0.0,4.0
-18,-18,11.3560289556416,0,-1,0.0,17.0
-12,-6,8.777832966459977,1,1,0.0,11.0
20,29,5.828827941155232,1,-1,0.0,4.0
5,13,13.630826853129452,1,1,0.0,5.0
-4,-2,5.886867526092727,0,0,0.0,7.0
-27,-17,12.03222708366695,1,-1,0.0,18.0
-6,2,12.651346150424958,0,1,0.0,7.0
31,34,4.225649585208874,1,1,0.0,2.0
-10,-5,3.52516358232315,0,1,0.0,10.0
8,15,1.0929393837422912,0,1,0.0,3.0
8,14,6.8121591380633575,1,1,0.0,4.0
-22,-15,6.7908173185350424,1,0,0.0,16.0
-22,-14,5.383222058870063,0,1,0.0,10.0
8,11,8.202504121646117,0,0,0.0,4.0
-1,9,0.6434401550270419,0,1,0.0,5.0
19,21,9.553443073996085,0,0,0.0,2.0
-17,-14,9.970554176709808,0,0,0.0,11.0
-14,-9,2.355591309198469,0,-1,0.0,12.0
-20,-10,10.651701340565396,0,1,0.0,11.0
25,26,12.668523797328483,1,1,0.0,3.0
17,20,11.903746515476245,0,-1,0.0,4.0
-18,-12,10.185603286062648,1,-1,0.0,14.0
21,27,6.198319884576066,0,0,0.0,2.0
-22,-20,1.4941076721271729,0,0,0.0,15.0
27,34,5.407721738000487,0,1,0.0,1.0
-21,-14,2.578976299512367,0,-1,0.0,12.0
1,11,11.054061194124456,1,-1,0.0,7.0
19,19,5.277659550617145,1,1,0.0,2.0
-3,-3,13.143026088087678,0,1,0.0,7.0
3,10,4.520715745855506,1,1,0.0,6.0
20,22,10.943060077661698,1,1,0.0,3.0
-21,-20,14.006888088369971,1,-1,0.0,18.0
-16,-7,0.23911993683830957,1,-1,0.0,13.0
8,14,8.526729520286398,0,1,0.0,3.0
21,22,0.6928879495565016,1,-1,0.0,4.0
-10,-3,5.431635725347692,0,-1,0.0,8.0
-15,-11,10.091570747231907,0,1,0.0,11.0
15,20,12.7668028882523,0,1,0.0,2.0
23,26,6.5241641357233755,0,1,0.0,1.0
-15,-11,13.609172428562138,0,0,0.0,12.0
20,21,2.3380695026847165,0,-1,0.0,3.0
-3,1,12.409166165767985,0,-1,0.0,9.0
20,27,2.2343903191613905,1,-1,0.0,4.0
14,16,3.299151184511696,0,1,0.0,3.0
-9,1,3.571726458283302,0,-1,0.0,8.0
9,17,14.951122527392519,1,1,0.0,5.0
23,24,14.199838303721656,0,1,0.0,2.0
2,11,4.439226577920653,1,1,0.0,4.0
9,15,9.730280447699359,1,1,0.0,4.0
11,12,5.977160640177498,1,0,0.0,5.0
-7,-7,6.132277902164926,1,0,0.0,12.0
15,15,14.889376302024552,1,0,0.0,6.0
-1,2,7.424637300561988,0,0,0.0,7.0
-8,-5,13.14083305633522,0,0,0.0,12.0
-9,-4,8.265721489371728,1,-1,0.0,9.0
6,11,2.5685400884919414,0,-1,0.0,5.0
11,14,6.062630875904632,1,1,0.0,4.0
-20,-11,13.1416792104593,0,1,0.0,11.0
26,33,5.11684657455383,0,0,0.0,2.0
10,19,5.478203227995307,1,-1,0.0,4.0
34,34,3.7035989107439855,1,1,0.0,2.0
20,28,0.6991260581283604,1,1,0.0,2.0
15,25,6.733069176138234,1,1,0.0,2.0
26,35,5.24508998978926,1,-1,0.0,4.0
-13,-4,8.054917969930404,1,-1,0.0,9.0
30,31,13.103444068565341,1,-1,0.0,5.0
-3,2,6.727018252015441,1,0,0.0,8.0
-16,-8,12.91451600724464,0,-1,0.0,13.0
-1,5,1.1149898216724796,0,1,0.0,5.0
8,10,7.860882521970333,1,1,0.0,6.0
22,30,14.510752119570773,0,1,0.0,2.0
-26,-16,4.46938673258527,1,-1,0.0,17.0
11,15,10.607494264366998,1,-1,0.0,7.0
8,11,9.270507623690856,1,0,0.0,5.0
-11,-5,4.141540408931935,0,0,0.0,11.0
11,19,1.9256761363578683,0,1,0.0,1.0
-14,-14,11.5915556148754,1,1,0.0,12.0
7,15,3.0621599495361487,1,1,0.0,4.0
9,13,7.216718472834546,1,0,0.0,5.0
-1,7,3.642553488333056,0,0,0.0,6.0
4,8,1.352051713862215,0,1,0.0,5.0
6,6,2.614502384376916,1,0,0.0,7.0
24,33,1.0335673416393125,1,0,0.0,3.0
-27,-20,14.33962408643582,1,1,0.0,16.0
18,26,14.787514901648784,1,1,0.0,3.0
18,25,11.482756368011446,1,-1,0.0,5.0
9,16,6.503391172883873,1,1,0.0,4.0
9,10,10.959862239482284,1,1,0.0,7.0
-15,-12,13.936358410078446,0,-1,0.0,13.0
-12,-8,13.888617654439301,1,-1,0.0,14.0
-13,-6,0.8218252196630244,0,-1,0.0,12.0
1,4,11.86871063323931,1,0,0.0,8.0
-23,-14,13.758916725069875,1,1,0.0,12.0
-23,-14,0.7350148529546519,1,-1,0.0,13.0
-17,-16,6.173644603364918,0,-1,0.0,16.0
4,9,0.7278745155108701,0,0,0.0,6.0
16,24,11.749611249883092,0,0,0.0,3.0
27,30,8.362985915765963,1,1,0.0,2.0
27,34,1.3315188563711011,1,0,0.0,3.0
-20,-13,10.97773805038186,0,0,0.0,12.0
-20,-19,4.922496303984108,0,0,0.0,15.0
15,25,13.258662134302213,0,-1,0.0,4.0
0,4,14.892550603827512,0,-1,0.0,8.0
6,15,13.735127779398901,0,0,0.0,5.0
-19,-13,11.98536852765763,1,1,0.0,12.0
27,29,5.589151405985924,1,0,0.0,3.0
13,22,14.852815419471245,0,1,0.0,2.0
29,29,5.229465890752239,1,0,0.0,3.0
-16,-8,13.218439000612952,0,1,0.0,11.0
-23,-19,13.147725048685968,0,0,0.0,16.0
27,30,11.179056850714574,1,-1,0.0,5.0
-18,-16,14.196858723082892,0,1,0.0,15.0
-23,-19,14.095189114218261,0,0,0.0,16.0
4,4,10.108966880739551,0,1,0.0,6.0
28,28,8.108318905284294,0,0,0.0,2.0
1,1,6.558763835733305,0,1,0.0,6.0
-26,-18,13.794505475718438,0,1,0.0,15.0
-17,-10,12.047123338006184,0,-1,0.0,13.0
3,8,9.78116288594643,0,-1,0.0,7.0
9,9,9.31202819009946,0,1,0.0,5.0
29,34,3.9569844952873616,1,-1,0.0,4.0
-23,-17,14.482191965137531,1,1,0.0,16.0
-21,-12,1.3335496270481122,0,1,0.0,10.0
10,10,11.061410885684426,0,-1,0.0,8.0
3,3,3.8729472760251387,1,0,0.0,8.0
4,9,1.8271679878394558,1,0,0.0,7.0
9,17,11.867646807102119,1,0,0.0,6.0
21,25,4.772715064520981,0,-1,0.0,3.0
33,33,13.678130574623381,1,0,0.0,4.0
-11,-2,13.828443480792682,0,0,0.0,8.0
21,28,9.422154398181577,0,1,0.0,1.0
-24,-18,8.51641700374904,1,-1,0.0,17.0
10,14,9.057376153342958,1,-1,0.0,6.0
-20,-11,10.054406690322764,1,1,0.0,12.0
5,6,4.158018091384949,0,0,0.0,6.0
-15,-8,4.0432851025983645,0,-1,0.0,12.0
-23,-18,5.3699602356578255,0,0,0.0,15.0
17,21,5.975862720446157,0,-1,0.0,3.0
-27,-18,12.139477035063095,1,0,0.0,17.0
1,10,11.680428812165855,0,1,0.0,6.0
17,21,13.368330446370686,0,-1,0.0,4.0
-10,-5,5.693282714962903,1,0,0.0,12.0
22,23,2.0515365653247604,0,1,0.0,1.0
3,6,7.078787171735847,0,-1,0.0,7.0
15,19,2.6294502859701856,0,1,0.0,1.0
15,21,12.055464792490705,1,-1,0.0,5.0
3,9,2.7212904270195204,1,0,0.0,7.0
-3,1,7.322888971017026,0,-1,0.0,8.0
30,32,8.22724524564328,0,1,0.0,1.0
-18,-18,2.873450942972115,1,0,0.0,16.0
-2,3,14.373530614513683,0,1,0.0,7.0
22,27,4.502028592914639,1,0,0.0,3.0
5,14,5.15800571934186,1,-1,0.0,6.0
-7,-2,14.570665702097822,1,0,0.0,9.0
-20,-11,9.698202998153276,1,-1,0.0,13.0
-13,-13,8.638253739690656,0,1,0.0,10.0
-13,-10,3.887488391650811,0,-1,0.0,12.0
29,34,6.654937964277607,1,0,0.0,3.0
-6,1,13.67000566341309,1,0,0.0,9.0
-15,-8,9.810605436129073,1,1,0.0,11.0
-17,-17,4.374602694982974,1,0,0.0,16.0
14,23,13.125717912241122,0,1,0.0,2.0
5,9,3.1583085866900444,0,1,0.0,5.0
-14,-5,14.339576277327012,1,0,0.0,13.0
-16,-15,1.593209867069279,0,0,0.0,15.0
7,12,5.8700063781334775,0,1,0.0,3.0
17,26,10.465169816763249,1,-1,0.0,5.0
22,29,5.57714719537371,1,1,0.0,2.0
16,16,4.029100555311623,0,1,0.0,3.0
15,25,13.430013211824058,1,-1,0.0,5.0
5,14,13.509137437567437,0,-1,0.0,6.0
17,17,3.9966127455180396,1,1,0.0,4.0
26,34,6.201938086502795,0,0,0.0,2.0
-5,0,10.729364969751199,0,0,0.0,8.0
-5,1,0.2809910038623542,1,1,0.0,7.0
-25,-16,8.863656940593494,0,-1,0.0,16.0
-3,-2,0.3805929088445359,1,-1,0.0,9.0
10,18,7.1751700076750815,1,0,0.0,5.0
2,10,12.603573556701088,1,1,0.0,7.0
-17,-11,12.860649009344208,1,1,0.0,12.0
23,26,7.62543523936037,0,-1,0.0,3.0
9,13,12.569820634970291,1,0,0.0,6.0
-10,-2,5.119767255544999,1,-1,0.0,9.0
-9,-6,12.128798657125966,0,1,0.0,11.0
-17,-13,2.201756721383397,1,0,0.0,12.0
-28,-20,12.469604636726103,1,1,0.0,16.0
-13,-13,9.601588138838089,0,-1,0.0,12.0
19,23,3.5126094958299756,1,1,0.0,2.0
-21,-12,7.655542623968341,0,0,0.0,11.0
-29,-20,11.77372443163429,0,1,0.0,15.0
21,27,1.6872909706692214,0,1,0.0,1.0
-24,-14,11.913231466181385,0,0,0.0,12.0
16,17,4.3687349288255035,0,1,0.0,3.0
19,19,6.254590510751826,0,0,0.0,2.0
21,31,8.879041094081767,1,0,0.0,3.0
-21,-14,4.75794958472996,1,1,0.0,11.0
16,16,7.5551934789147,1,1,0.0,4.0
26,31,7.633410018377972,1,0,0.0,3.0
27,33,5.450444512317346,1,0,0.0,3.0
21,23,13.986821435304112,1,1,0.0,3.0
-6,1,14.657019195474048,0,1,0.0,7.0
-15,-12,9.757127304671481,1,1,0.0,11.0
4,12,5.793850941964512,0,-1,0.0,5.0
-6,-4,5.940185324226462,1,-1,0.0,9.0
18,25,11.502782735733112,1,-1,0.0,5.0
5,14,9.513911234167104,0,0,0.0,4.0
21,30,13.575625192947486,0,0,0.0,3.0
1,9,14.465718517652611,0,-1,0.0,8.0
-3,-3,13.880125651869658,1,-1,0.0,10.0
-12,-7,1.7153732740935106,0,-1,0.0,12.0
29,34,6.2272303494105765,1,1,0.0,2.0
18,27,2.7782452452866675,1,-1,0.0,4.0
-18,-18,1.696304619383634,1,0,0.0,16.0
-3,4,12.685449140138221,0,1,0.0,6.0
11,11,4.420598106040599,1,0,0.0,5.0
8,13,2.966694020983459,1,0,0.0,5.0
5,6,6.040129575557863,1,-1,0.0,8.0
-17,-12,2.292497382047434,1,-1,0.0,13.0
3,5,7.323228274404864,0,0,0.0,6.0
17,23,13.114683301593223,0,0,0.0,3.0
29,34,4.6426189042256905,0,1,0.0,1.0
-7,2,1.7059649207008032,0,1,0.0,6.0
23,27,1.8525893878065824,0,0,0.0,2.0
-1,2,9.698782659523422,1,0,0.0,8.0
3,4,9.311583718282531,1,1,0.0,6.0
-28,-19,3.6805949588249858,1,-1,0.0,17.0
13,18,14.663745304989556,1,1,0.0,5.0
25,33,7.775752893449513,0,0,0.0,2.0
-14,-8,0.16442228212883658,1,1,0.0,11.0
9,14,6.856159692461839,0,0,0.0,4.0
26,27,3.60399011631195,0,-1,0.0,3.0
-3,7,14.752778210384852,0,1,0.0,6.0
9,13,3.0763367140221454,1,1,0.0,4.0
-1,3,1.1941130130639372,1,0,0.0,8.0
-2,8,12.872280775355378,1,1,0.0,7.0
32,34,3.6670587009832283,0,0,0.0,2.0
30,32,1.7834125212684415,0,-1,0.0,3.0
6,14,11.278062219988204,1,-1,0.0,7.0
18,19,1.5315057720280867,0,1,0.0,1.0
3,6,2.074839779088843,0,0,0.0,6.0
-21,-13,1.782029399903442,0,0,0.0,11.0
-19,-17,14.527831257490302,1,1,0.0,16.0
-24,-15,4.8486029544008815,1,1,0.0,15.0
-24,-14,7.155593621376481,0,0,0.0,11.0
-10,-3,9.875157068448349,1,1,0.0,7.0
-20,-10,9.272660221593425,0,-1,0.0,12.0
-4,1,1.2579831303022675,1,0,0.0,8.0
10,18,5.7471373635827465,0,1,0.0,3.0
11,14,8.047077354093554,0,1,0.0,3.0
-21,-15,11.358783881808376,1,0,0.0,17.0
-15,-7,8.579837604142316,0,-1,0.0,12.0
30,34,14.85843652846169,0,-1,0.0,4.0
6,15,0.2957724710987941,1,-1,0.0,6.0
-12,-11,11.065616346860956,0,-1,0.0,13.0
18,19,6.88682884459587,1,1,0.0,2.0
7,10,5.06444213176265,0,0,0.0,6.0
6,7,4.144826648022967,0,1,0.0,5.0
-3,-3,6.825433935479063,0,-1,0.0,8.0
-1,6,13.961557193058082,1,1,0.0,7.0
11,13,7.138660094419962,1,-1,0.0,6.0
-19,-19,11.864881944529166,0,0,0.0,16.0
11,16,10.062826049300618,0,-1,0.0,6.0
7,11,3.601760740816739,1,-1,0.0,6.0
22,25,10.342957025773543,0,1,0.0,2.0
-8,-1,9.872844999945187,1,-1,0.0,9.0
-20,-12,4.394474044386692,1,1,0.0,11.0
-8,-8,5.0775275213962106,1,-1,0.0,13.0
20,30,3.9017025627477753,0,1,0.0,1.0
-16,-16,2.705953911431069,0,1,0.0,14.0
6,15,6.779532103824796,1,-1,0.0,6.0
20,23,7.326233349095196,1,0,0.0,3.0
32,34,10.03897717720298,0,-1,0.0,4.0
8,15,0.05556605480242005,0,1,0.0,3.0
-14,-14,12.93349714064601,1,0,0.0,13.0
29,31,6.177197261090866,1,0,0.0,3.0
12,19,3.518095648020834,0,1,0.0,1.0
24,31,5.685489372396504,1,1,0.0,2.0
-1,3,2.2813893236862812,1,-1,0.0,9.0
13,23,6.642955919306965,1,1,0.0,2.0
-16,-16,2.95247687673948,1,-1,0.0,17.0
9,11,2.3314649597336596,0,-1,0.0,5.0
-18,-11,10.257564267995873,1,1,0.0,12.0
-5,5,1.87598628121329,1,1,0.0,6.0
-9,1,10.319084210078117,0,0,0.0,8.0
-11,-6,7.95899451725753,0,0,0.0,11.0
-1,0,8.787229422219369,0,0,0.0,7.0
-17,-12,2.8422267836850343,0,1,0.0,10.0
24,32,7.747743822668484,1,1,0.0,2.0
-23,-20,11.487930672607977,0,-1,0.0,17.0
18,23,3.5665384342995035,0,-1,0.0,3.0
12,13,1.4041028961445368,0,1,0.0,3.0
-14,-5,3.8528406532850124,0,-1,0.0,12.0
22,23,4.74575406043343,1,0,0.0,3.0
25,29,1.108305762571062,0,-1,0.0,3.0
18,24,2.902208220849026,0,0,0.0,2.0
1,1,11.787065984362865,1,1,0.0,8.0
-13,-6,7.868284997328317,0,0,0.0,11.0
-15,-13,9.077024627842057,0,-1,0.0,12.0
6,7,7.185704829800265,1,-1,0.0,8.0
2,11,12.23672648696147,1,0,0.0,6.0
-13,-10,0.7388142053623936,0,0,0.0,11.0
-22,-17,1.4217392067710795,1,0,0.0,16.0
-24,-19,0.48876767195889903,1,-1,0.0,17.0
12,19,0.8356552056439215,0,0,0.0,2.0
0,5,3.3566998900986866,1,1,0.0,6.0
0,6,12.697641921886456,0,1,0.0,6.0
23,24,6.117990684652613,0,-1,0.0,3.0
-10,-6,3.072042373073458,1,0,0.0,12.0
16,25,5.273981156830777,0,-1,0.0,3.0
29,34,3.9314322624685043,1,0,0.0,3.0
20,29,12.05666443660738,1,0,0.0,4.0
-25,-18,10.998929613546036,0,-1,0.0,17.0
6,10,8.172939874059516,1,1,0.0,6.0
17,17,11.504289340042185,1,1,0.0,5.0
-29,-20,4.504302791985413,1,-1,0.0,17.0
-1,5,5.969448583033233,0,-1,0.0,7.0
-20,-19,6.500284338460683,1,-1,0.0,17.0
14,17,3.418977415804166,1,1,0.0,4.0
21,27,11.8492853395066,0,-1,0.0,4.0
1,7,3.4515476236382425,0,-1,0.0,7.0
29,31,5.854472480444617,0,1,0.0,1.0
-20,-12,8.173861512373383,1,-1,0.0,13.0
32,33,0.9158235296981759,0,1,0.0,1.0
-17,-11,12.634289952672745,0,0,0.0,12.0
-16,-14,12.13704660212092,1,-1,0.0,14.0
21,25,8.785205809387877,0,-1,0.0,3.0
-5,-1,7.945186954838789,1,0,0.0,8.0
-24,-14,13.267392431226064,0,0,0.0,12.0
21,27,3.470033700485786,1,1,0.0,2.0
0,10,11.232541855320731,1,1,0.0,7.0
-18,-9,1.9872210732699147,1,1,0.0,11.0
-8,-8,5.671005430858724,1,1,0.0,11.0
3,3,4.835969895507427,1,-1,0.0,9.0
-13,-7,2.931260389942152,1,0,0.0,12.0
-24,-17,14.771975753868826,0,-1,0.0,17.0
-21,-17,11.635660184200422,1,-1,0.0,18.0
-2,0,10.156424662043895,0,1,0.0,7.0
-15,-10,4.91075967866284,1,1,0.0,11.0
-22,-18,9.763745406785796,1,-1,0.0,17.0
-28,-20,1.725638424607563,1,-1,0.0,17.0
15,18,8.24646007271139,0,0,0.0,4.0
-7,1,13.461782453074903,0,-1,0.0,9.0
12,22,12.579571463428,1,-1,0.0,5.0
18,28,9.311834730771078,1,1,0.0,2.0
28,34,7.349855903658417,0,1,0.0,1.0
0,0,4.165276196864544,0,-1,0.0,8.0
6,8,12.068610422139015,0,1,0.0,6.0
-5,-2,10.869316284365182,1,0,0.0,9.0
-3,1,12.458194006632983,1,0,0.0,9.0
7,14,3.6780255818070606,0,-1,0.0,5.0
20,30,6.8183657631680115,1,-1,0.0,4.0
8,8,5.783272752147882,1,-1,0.0,8.0
-18,-14,8.422410315959276,0,-1,0.0,12.0
-17,-15,8.731016891197127,1,-1,0.0,17.0
-18,-9,14.81080253401808,0,1,0.0,11.0
13,20,11.78623478782578,0,0,0.0,3.0
-1,2,9.730619884756535,0,-1,0.0,8.0
20,28,2.314394408940497,1,-1,0.0,4.0
-11,-10,11.39413110272875,1,0,0.0,13.0
22,23,4.0723286006821455,1,1,0.0,2.0
-6,1,9.3853521499029,0,1,0.0,6.0
4,7,14.904161612405883,0,1,0.0,6.0
-24,-14,6.543043599836686,0,1,0.0,10.0
19,25,11.161051626769227,0,1,0.0,2.0
-6,2,2.9231097905301517,0,1,0.0,6.0
10,14,11.073216473334417,1,-1,0.0,7.0
19,21,8.245141133681713,1,0,0.0,3.0
-19,-19,2.7495565530739174,0,1,0.0,14.0
-2,0,13.910352437622592,0,1,0.0,7.0
-16,-12,8.188078617936979,1,0,0.0,12.0
6,15,7.366383715325862,1,1,0.0,4.0
-4,-3,4.438399169039994,1,0,0.0,8.0
20,27,4.305615844680346,0,1,0.0,1.0
-26,-17,8.410138370888768,1,-1,0.0,17.0
31,31,2.899880975651688,1,-1,0.0,4.0
1,3,5.882420946086986,1,-1,0.0,9.0
8,10,2.770121744504652,1,-1,0.0,8.0
-27,-17,9.038117375773558,1,0,0.0,16.0
-8,-7,0.10657944571097644,0,0,0.0,11.0
0,10,3.499226739428657,0,0,0.0,6.0
-17,-12,9.1724218582301,0,1,0.0,10.0
17,26,5.588966666107566,0,0,0.0,2.0
9,19,4.551333592791943,1,0,0.0,3.0
19,23,10.225437460148887,0,-1,0.0,4.0
7,17,13.882476916414822,1,-1,0.0,7.0
23,31,8.40978853010101,0,1,0.0,1.0
-21,-13,12.632630789271136,0,-1,0.0,13.0
-19,-9,2.7647644298901946,0,0,0.0,11.0
8,15,7.442464179247432,0,-1,0.0,5.0
18,27,6.626568400417138,1,0,0.0,3.0
1,10,13.657662532820442,0,0,0.0,7.0
-15,-11,13.146002278200772,1,-1,0.0,14.0
1,4,11.402070078746828,1,-1,0.0,9.0
-5,4,8.434584409875931,1,1,0.0,6.0
-15,-9,0.5935294043184614,1,1,0.0,11.0
-19,-17,5.607024102531711,1,0,0.0,16.0
-8,-2,3.638702159984903,1,1,0.0,7.0
20,21,2.205403475530994,0,-1,0.0,3.0
-4,-3,4.408022743833121,1,0,0.0,8.0
11,21,4.892429503427591,0,1,0.0,1.0
-3,1,8.187149358338702,1,1,0.0,7.0
11,13,13.25268886604946,0,-1,0.0,6.0
-9,-9,12.78185437640509,0,0,0.0,12.0
6,9,2.881657749766189,1,1,0.0,6.0
30,32,2.748181778327599,1,1,0.0,2.0
-9,-2,0.7992797866991858,1,1,0.0,7.0
-11,-9,8.363331206941686,1,0,0.0,12.0
23,32,14.977484691593352,1,-1,0.0,5.0
-17,-11,5.998341009780972,0,0,0.0,11.0
15,23,14.556925664389698,1,-1,0.0,5.0
23,31,12.43269816668678,1,-1,0.0,5.0
21,29,11.110778660242303,0,1,0.0,2.0
-15,-8,6.190410552069064,1,0,0.0,12.0
-9,-1,7.466165123189512,1,1,0.0,7.0
3,12,8.82691188567718,0,1,0.0,3.0
6,15,9.146772928410208,0,-1,0.0,5.0
15,19,12.764680322153009,1,-1,0.0,5.0
-15,-6,10.333706320420916,1,-1,0.0,14.0
-2,2,6.446069673661096,0,0,0.0,7.0
11,16,10.658250154449599,1,-1,0.0,7.0
-17,-7,4.130583969996589,1,1,0.0,11.0
-4,2,3.4563472289701274,1,0,0.0,8.0
19,29,4.458023010837154,1,1,0.0,2.0
21,23,4.64171341732332,0,1,0.0,1.0
-24,-16,0.17745732829004324,0,0,0.0,15.0
-3,-2,14.055021861068688,0,0,0.0,8.0
17,19,4.467534924240404,0,1,0.0,1.0
26,31,6.2086930143766335,1,-1,0.0,4.0
-9,-6,13.962975391106605,1,-1,0.0,14.0
13,17,11.35631104483751,1,1,0.0,5.0
-21,-13,0.3296870691545356,1,0,0.0,12.0
14,24,7.937511904530974,0,-1,0.0,3.0
1,10,6.439438290870953,0,-1,0.0,7.0
-21,-15,5.443664499953299,1,0,0.0,16.0
-2,6,14.393094893670575,1,1,0.0,7.0
-15,-11,11.041330846646195,1,-1,0.0,14.0
-8,-6,12.144474631182849,1,-1,0.0,14.0
19,27,9.273154904338808,1,0,0.0,3.0
-23,-18,13.163075796767304,1,1,0.0,16.0
19,25,3.2840047365513576,1,0,0.0,3.0
28,29,3.3011516606558935,0,1,0.0,1.0
-28,-20,9.20013818467701,1,0,0.0,16.0
19,22,5.680636514537309,1,0,0.0,3.0
-16,-10,8.726419737381708,1,1,0.0,11.0
2,6,7.452582083306052,0,0,0.0,6.0
-10,-7,0.9273870507566595,1,0,0.0,12.0
-7,-4,14.085371557435879,1,1,0.0,8.0
-14,-6,5.643910874652449,1,0,0.0,12.0
-9,-9,13.911724666659863,0,0,0.0,12.0
14,16,14.442532071096592,1,-1,0.0,7.0
-9,-4,10.341720963342222,0,0,0.0,8.0
-14,-14,6.425808276888393,1,0,0.0,12.0
6,7,6.147780660066124,1,-1,0.0,8.0
-1,-1,0.8935171901455585,0,0,0.0,7.0
-6,0,5.981583291627118,1,-1,0.0,9.0
3,4,8.537761380905145,1,0,0.0,7.0
-8,-7,5.340835081932276,1,1,0.0,11.0
-7,-1,14.978138589331065,0,0,0.0,8.0
-14,-6,11.59489502341648,1,1,0.0,12.0
-1,6,9.322209555601619,0,-1,0.0,7.0
-15,-15,0.10562216481877273,1,1,0.0,15.0
13,13,8.158404875566038,0,-1,0.0,5.0
-10,-3,7.897676265824501,1,-1,0.0,9.0
-10,-4,1.725349225973316,1,1,0.0,7.0
2,7,3.956167394993366,1,-1,0.0,8.0
19,29,4.052722738636368,0,1,0.0,1.0
0,2,10.821461725966017,0,-1,0.0,9.0
-25,-15,8.875012595041504,0,-1,0.0,16.0
-3,1,2.583169399223752,1,0,0.0,8.0
15,23,10.899239272425014,0,0,0.0,3.0
-1,9,3.965304939015177,1,0,0.0,7.0
27,33,7.921592331154585,1,-1,0.0,4.0
-7,-1,14.75033142097664,0,0,0.0,8.0
-8,-4,5.688017951076843,0,-1,0.0,8.0
9,19,2.844373644078421,0,0,0.0,2.0
-1,6,13.62001001027849,0,-1,0.0,8.0
-21,-17,4.854822597900456,0,0,0.0,15.0
8,10,8.968493809903302,0,-1,0.0,7.0
-14,-10,3.352589743632546,1,-1,0.0,13.0
-3,3,7.989457387738591,0,1,0.0,6.0
-13,-13,8.955447039545314,1,1,0.0,11.0
9,13,9.993348639968987,0,-1,0.0,5.0
-1,4,14.963357027304598,0,0,0.0,7.0
19,22,9.314708113719528,0,1,0.0,1.0
3,11,5.973176535318162,0,-1,0.0,5.0
24,27,8.37600537082546,0,1,0.0,1.0
-3,-1,10.899244685430194,1,0,0.0,9.0
-10,-3,8.990488284424728,0,0,0.0,7.0
19,19,7.562885834121799,1,1,0.0,2.0
-7,-1,14.418907645283005,0,-1,0.0,9.0
-6,-3,2.334206440818298,0,0,0.0,7.0
-23,-14,12.884018448278342,0,1,0.0,11.0
-22,-13,9.449036150990246,1,-1,0.0,13.0
-22,-20,13.108648206117723,1,1,0.0,16.0
28,31,8.157124830107287,0,1,0.0,1.0
3,5,13.94214339202364,0,0,0.0,7.0
-19,-13,2.794070614412178,0,0,0.0,11.0
-19,-11,11.290290180552788,1,1,0.0,12.0
-24,-15,3.8097192912955706,0,0,0.0,15.0
0,0,14.92412344250595,1,0,0.0,9.0
-14,-4,12.759074797541468,1,-1,0.0,10.0
23,28,13.364187950060684,0,1,0.0,2.0
-7,-1,12.970487699827775,0,1,0.0,7.0
-24,-14,0.6713486969080823,0,-1,0.0,12.0
-23,-19,10.878985585790902,0,0,0.0,16.0
-24,-14,1.1475225390252597,0,-1,0.0,12.0
-7,-2,0.25428017573319417,1,1,0.0,7.0
-3,-2,6.027127767923224,1,1,0.0,7.0
20,30,13.1071852049687,0,1,0.0,2.0
-7,-7,7.256356542456154,0,1,0.0,10.0
-15,-9,1.590290014421874,1,0,0.0,12.0
8,18,3.094069005048431,1,0,0.0,5.0
32,32,12.320185302705188,0,1,0.0,2.0
-2,6,7.191272846068401,1,1,0.0,6.0
-11,-5,0.006019502504697183,0,-1,0.0,12.0
-21,-18,4.9606077116398435,1,-1,0.0,17.0
-12,-11,13.228202720653803,1,-1,0.0,14.0
12,21,0.20613347089563305,0,-1,0.0,3.0
20,29,8.026762161817555,0,0,0.0,2.0
22,28,9.139405366781313,1,0,0.0,3.0
34,35,8.10755365321824,1,-1,0.0,4.0
32,33,6.249301257558707,0,-1,0.0,3.0
-15,-9,1.431660500508138,1,1,0.0,11.0
17,23,0.11329129936238413,1,1,0.0,2.0
-26,-16,5.370912157548418,0,-1,0.0,16.0
-9,1,1.9785870210938743,1,1,0.0,7.0
-8,-6,9.4665779702515,1,-1,0.0,13.0
2,4,5.277430178996568,1,0,0.0,7.0
-7,3,1.0779743875436587,0,-1,0.0,8.0
-26,-18,6.725663111521996,1,1,0.0,15.0
-19,-11,9.228874403512963,1,1,0.0,11.0
17,23,1.2143379966550072,1,-1,0.0,4.0
22,32,12.584808043257299,0,0,0.0,3.0
-17,-9,4.190584418867048,1,0,0.0,12.0
-19,-17,9.168093185751506,1,-1,0.0,17.0
5,12,2.626747167329326,0,0,0.0,4.0
-17,-10,12.77995093358429,0,0,0.0,12.0
23,29,9.71784735801577,0,0,0.0,2.0
-13,-11,8.02065957042421,1,0,0.0,12.0
-18,-16,0.3064169368430969,1,-1,0.0,17.0
13,17,9.324156190472022,1,-1,0.0,6.0
-18,-14,14.002173348688517,0,0,0.0,12.0
21,23,13.511516300370822,1,1,0.0,3.0
-13,-7,4.925087859624563,1,1,0.0,11.0
-23,-15,14.316394388707142,1,0,0.0,17.0
14,16,13.402594704671488,1,1,0.0,5.0
6,12,0.991473718604754,0,-1,0.0,5.0
25,32,8.195581529283993,1,1,0.0,2.0
7,10,4.953002422263392,1,0,0.0,7.0
15,22,4.874292553453198,0,-1,0.0,3.0
-25,-15,12.336581506412799,0,0,0.0,16.0
18,18,13.732370766667712,1,-1,0.0,7.0
-5,-1,14.60364692626068,0,-1,0.0,9.0
-18,-9,7.165030376976136,1,1,0.0,11.0
24,29,10.970104130419548,0,-1,0.0,4.0
-7,-4,1.6965967318452284,1,0,0.0,8.0
-17,-12,10.021825353674512,1,0,0.0,13.0
30,33,14.41996355266594,0,1,0.0,2.0
0,9,12.654501871155489,1,0,0.0,8.0
-1,7,8.014582570642963,1,-1,0.0,8.0
7,11,2.998485635796996,1,-1,0.0,6.0
22,28,13.60150964471356,0,0,0.0,3.0
-12,-6,9.25325951163795,0,1,0.0,10.0
5,10,6.855710483908489,0,-1,0.0,7.0
-2,8,14.700260127924818,1,1,0.0,7.0
-15,-10,8.985443110574645,0,-1,0.0,12.0
13,17,12.979721923843849,1,0,0.0,6.0
-17,-11,0.6513227305284031,1,1,0.0,11.0
19,20,12.803549571297566,1,0,0.0,4.0
19,22,4.913149396367892,0,-1,0.0,3.0
-18,-10,2.2593184556128376,1,1,0.0,11.0
25,28,4.711397995389746,0,-1,0.0,3.0
-6,-3,7.5587828278444,0,0,0.0,7.0
29,30,5.425715466717954,0,1,0.0,1.0
35,35,13.992086353228515,0,1,0.0,2.0
9,16,1.2072112264027273,1,0,0.0,5.0
31,31,13.776708781695529,0,1,0.0,2.0
1,6,13.222763779229277,0,-1,0.0,8.0
-21,-17,0.9710969161285637,0,0,0.0,15.0
12,14,11.176797130449115,1,0,0.0,6.0
-1,6,8.054696130590239,1,0,0.0,7.0
12,17,0.8228873798438069,1,0,0.0,5.0
-6,-3,10.093841534748488,1,1,0.0,8.0
-26,-20,4.662526682869078,1,0,0.0,16.0
24,34,7.15945975903982,0,-1,0.0,3.0
-23,-15,8.808123206872768,1,-1,0.0,17.0
-20,-17,5.233917224866076,0,1,0.0,14.0
-6,-2,6.162926882722034,0,0,0.0,7.0
30,31,11.774969933068231,0,0,0.0,3.0
-5,-4,7.422437655060283,0,0,0.0,7.0
21,26,11.08678166998999,1,0,0.0,4.0
15,25,2.5669119213047513,1,0,0.0,3.0
-20,-10,1.505038677993364,0,-1,0.0,12.0
17,19,11.250947800918375,0,-1,0.0,4.0
-6,2,3.2825236849518413,1,0,0.0,8.0
31,32,12.859045260345024,1,0,0.0,4.0
13,19,4.000534287725147,1,-1,0.0,4.0
26,34,10.678492195779766,1,1,0.0,3.0
7,8,6.3844178534381735,0,1,0.0,5.0
-24,-19,3.0122187096759347,1,0,0.0,16.0
-2,7,12.82924753853001,0,0,0.0,7.0
5,9,1.4162212782352757,1,-1,0.0,8.0
-20,-11,9.191759684710119,1,1,0.0,11.0
-16,-7,13.814503714842854,1,-1,0.0,14.0
-24,-14,12.121664974502805,0,0,0.0,12.0
-11,-4,12.127490377010872,0,-1,0.0,9.0
-3,-3,3.847672637308431,0,-1,0.0,8.0
15,19,7.0152558976587285,1,1,0.0,2.0
-8,2,0.22382863074704884,1,0,0.0,8.0
-2,5,2.491758874433663,0,1,0.0,5.0
-16,-14,7.990709504560431,0,0,0.0,11.0
23,23,3.8561781012787266,0,1,0.0,1.0
18,23,3.4921630779803516,1,-1,0.0,4.0
-9,-6,11.223181397532349,1,-1,0.0,14.0
-3,-3,10.065460642224476,1,-1,0.0,10.0
10,17,2.4503300286424663,0,1,0.0,3.0
3,8,9.235473943491744,1,0,0.0,7.0
19,25,8.241926090389097,0,1,0.0,1.0
-11,-7,11.940549812191625,0,0,0.0,12.0
-19,-15,0.2233542008327244,0,0,0.0,15.0
-13,-5,2.2417770906971435,1,1,0.0,11.0
26,27,7.510200803598917,0,1,0.0,1.0
31,34,2.295592412960679,0,1,0.0,1.0
-13,-4,5.348318587693878,1,0,0.0,8.0
0,4,12.492435768886974,0,1,0.0,6.0
-16,-15,5.705095743175073,0,1,0.0,14.0
14,14,13.017101895910661,1,-1,0.0,7.0
26,31,9.83018334052988,1,-1,0.0,4.0
-8,-4,1.932927728945348,0,1,0.0,6.0
15,25,7.814759888432781,1,0,0.0,3.0
9,9,2.893677367094451,1,0,0.0,7.0
-21,-20,13.805139602938365,0,0,0.0,16.0
-12,-6,4.070962870930124,0,0,0.0,11.0
3,11,12.686790484228595,0,-1,0.0,6.0
-9,-1,9.03082053961086,1,0,0.0,8.0
21,28,10.227678781094427,1,1,0.0,3.0
-21,-15,6.281109817479687,1,-1,0.0,17.0
-3,5,3.2471570792786815,0,-1,0.0,7.0
-21,-18,6.2859433541149015,1,1,0.0,15.0
0,8,9.962336669395743,0,0,0.0,6.0
13,22,0.08255539960185687,1,0,0.0,3.0
6,7,13.648567114660423,0,-1,0.0,8.0
-19,-15,10.057339553201935,1,-1,0.0,18.0
14,20,7.779452352927442,1,0,0.0,3.0
-9,-4,12.94902742502081,1,1,0.0,8.0
-6,-5,1.0093775063727222,1,-1,0.0,13.0
-25,-16,3.660398653912631,0,0,0.0,15.0
13,21,6.971021282218725,1,-1,0.0,4.0
-8,-2,7.3237296599071575,0,1,0.0,6.0
12,14,10.130284540709226,0,1,0.0,4.0
-20,-11,0.2389415055425409,0,0,0.0,11.0
26,31,12.344871523530742,1,0,0.0,4.0
-26,-20,13.134255144700628,0,0,0.0,16.0
0,7,9.331625692436633,1,1,0.0,6.0
-5,2,10.591773888105,0,-1,0.0,9.0
-14,-8,4.532395923496722,0,0,0.0,11.0
-16,-13,8.516102806689737,0,0,0.0,11.0
-24,-16,11.286142765033295,1,0,0.0,17.0
1,3,12.702324909385684,0,0,0.0,8.0
-19,-17,10.482708178873063,1,1,0.0,16.0
14,19,12.21509965923351,1,1,0.0,3.0
19,24,5.656807072030946,1,1,0.0,2.0
3,3,7.044748662277907,1,0,0.0,8.0
-3,3,0.420608326300988,0,0,0.0,7.0
19,23,8.59473334451218,0,1,0.0,1.0
31,31,2.028563061176156,1,0,0.0,3.0
24,28,7.538677573935047,1,-1,0.0,4.0
22,22,6.296884930090388,1,-1,0.0,4.0
-18,-12,12.700253287161395,1,0,0.0,13.0
32,32,7.196761599406515,0,-1,0.0,3.0
13,23,12.438197062404955,0,-1,0.0,4.0
22,32,3.8680378672840856,1,0,0.0,3.0
13,17,7.302869082311611,0,1,0.0,3.0
-17,-10,3.978214356153387,1,-1,0.0,13.0
26,32,11.712673562830819,1,0,0.0,4.0
-17,-15,2.9224653181290297,0,-1,0.0,16.0
-6,-5,10.351690146663088,1,0,0.0,13.0
-9,-3,5.063042998934575,1,0,0.0,8.0
-7,1,0.6717664010930263,0,-1,0.0,8.0
15,15,10.372478747105859,0,1,0.0,4.0
21,31,14.701468835405501,0,1,0.0,2.0
25,30,10.40359503047405,0,0,0.0,3.0
-17,-13,2.313974803807228,0,0,0.0,11.0
-12,-12,6.487839556285999,1,0,0.0,12.0
19,27,3.300963681508324,0,-1,0.0,3.0
29,32,9.426526390591885,0,0,0.0,2.0
18,19,0.08028749223858989,0,0,0.0,2.0
-21,-18,7.0524222258948015,0,-1,0.0,16.0
-13,-13,12.89080966160761,1,0,0.0,13.0
29,31,3.5906665325587173,0,-1,0.0,3.0
20,27,13.80537142576314,1,-1,0.0,5.0
-30,-20,9.375313551505208,1,-1,0.0,17.0
15,24,6.285771294389598,0,1,0.0,1.0
-9,-9,10.767299944962861,1,-1,0.0,14.0
3,5,5.394208580649744,0,-1,0.0,7.0
-4,-4,7.207237565880915,1,-1,0.0,9.0
11,13,5.455786852685014,0,0,0.0,4.0
-4,-3,4.171037205229904,0,0,0.0,7.0
-12,-2,7.272567590310023,0,-1,0.0,8.0
-11,-8,13.177159494813997,0,0,0.0,12.0
-3,6,14.53736164041418,0,0,0.0,7.0
-15,-6,1.8589127447380793,1,-1,0.0,13.0
-11,-9,4.600736948825518,1,1,0.0,11.0
-2,5,9.046768177375586,1,0,0.0,7.0
-3,-1,2.535890692702139,1,0,0.0,8.0
32,34,12.236974443873354,1,0,0.0,4.0
12,19,12.567714972843778,1,-1,0.0,5.0
18,25,1.1660358105020152,1,0,0.0,3.0
13,23,7.4013057220106235,1,0,0.0,3.0
-15,-6,12.725729166450217,1,0,0.0,13.0
-2,7,6.6467066845693585,1,-1,0.0,8.0
11,15,11.097430775296575,0,1,0.0,4.0
-8,-4,9.823475399660149,0,-1,0.0,8.0
-6,4,8.349269896513697,0,0,0.0,6.0
9,14,1.3150198666934854,1,-1,0.0,6.0
6,12,6.927764299062444,0,0,0.0,4.0
-6,-6,5.690941840120377,0,1,0.0,10.0
1,11,5.8860454189101405,0,0,0.0,4.0
-21,-13,3.7901043227985887,1,-1,0.0,13.0
21,27,12.835790313771039,0,0,0.0,3.0
12,20,9.945665213919302,1,0,0.0,3.0
-16,-6,8.298262530443212,0,-1,0.0,12.0
25,29,10.38400010237119,1,1,0.0,3.0
-11,-11,6.18017534635031,0,1,0.0,10.0
12,16,14.378845636672564,1,-1,0.0,7.0
-25,-15,11.826179473481094,0,0,0.0,16.0
11,16,14.20309864186266,1,-1,0.0,7.0
11,16,2.90214886057508,1,-1,0.0,6.0
-20,-18,10.2240264970333,0,-1,0.0,17.0
5,6,5.330606729369252,1,-1,0.0,8.0
10,10,11.094652407829791,1,-1,0.0,9.0
-20,-15,4.2791848424810635,1,0,0.0,16.0
-28,-20,0.26531860353785797,0,1,0.0,14.0
-24,-19,13.77577240344897,1,1,0.0,16.0
-11,-11,14.865454369916073,0,1,0.0,11.0
15,15,14.408661024293261,1,1,0.0,5.0
-22,-18,12.619921476553968,0,-1,0.0,17.0
-23,-17,1.6285089118582652,1,1,0.0,15.0
12,12,8.188525277178265,1,1,0.0,4.0
23,25,8.231363543105466,0,1,0.0,1.0
-6,-5,14.593963196313416,0,1,0.0,11.0
8,16,8.561016162716001,1,-1,0.0,6.0
27,33,6.310496516957792,0,0,0.0,2.0
-22,-20,12.60853157479271,1,-1,0.0,18.0
-22,-13,2.623807810499134,1,0,0.0,12.0
-7,-2,2.6174909404978215,1,-1,0.0,9.0
14,16,12.477650398465887,0,1,0.0,4.0
16,17,10.377985849769997,1,1,0.0,5.0
-13,-12,14.882491388832172,1,1,0.0,12.0
-2,8,11.197248304912524,0,1,0.0,6.0
12,22,7.322049966824736,0,1,0.0,1.0
13,20,14.96373271132818,0,0,0.0,3.0
-7,-6,13.55478787002665,0,1,0.0,11.0
0,8,8.355908824514039,0,1,0.0,5.0
21,28,8.926951291702432,1,1,0.0,2.0
-2,3,2.6502873854277382,0,0,0.0,7.0
1,10,12.83766990362328,0,-1,0.0,8.0
-4,-3,6.785360748252885,0,1,0.0,6.0
-4,1,10.406456046758812,1,-1,0.0,10.0
-15,-14,13.310428671864415,0,0,0.0,12.0
21,24,12.441144841117449,1,0,0.0,4.0
22,24,4.5459340497933765,0,1,0.0,1.0
-9,-4,13.949893574894876,0,0,0.0,8.0
7,10,14.348423285635802,0,1,0.0,6.0
-23,-18,2.7840447195547924,0,-1,0.0,16.0
17,18,13.719378146398787,0,0,0.0,5.0
10,19,9.913928511269793,0,1,0.0,1.0
-7,-7,10.976240783962533,1,1,0.0,12.0
25,32,7.025069387390234,0,-1,0.0,3.0
27,28,0.6479655215564767,0,1,0.0,1.0
18,19,2.2905204669371457,1,1,0.0,2.0
16,24,11.504706643031504,1,-1,0.0,5.0
-13,-6,5.451482839589991,0,0,0.0,11.0
25,30,13.822656586868941,0,0,0.0,3.0
11,16,14.434150293252618,0,0,0.0,5.0
8,16,9.992119058136845,0,1,0.0,3.0
-24,-20,14.408707687344162,0,0,0.0,16.0
17,21,5.085109279615873,0,-1,0.0,3.0
16,19,12.419877542708303,1,0,0.0,4.0
27,32,13.33991934479823,1,0,0.0,4.0
13,15,13.70953598488968,1,1,0.0,5.0
11,13,3.221709946844844,1,1,0.0,4.0
1,5,11.52836244891098,1,0,0.0,8.0
-8,-3,5.66128143448375,1,1,0.0,7.0
-20,-18,6.563977592224369,0,1,0.0,14.0
2,7,11.885405324346968,0,-1,0.0,8.0
-23,-13,13.763234208313456,0,-1,0.0,13.0
30,34,5.4879815029239145,1,-1,0.0,4.0
-17,-11,3.6132325617249395,1,-1,0.0,13.0
6,16,12.457876393977472,1,1,0.0,5.0
-16,-11,4.090569402117687,1,0,0.0,12.0
16,16,6.623087017810712,1,-1,0.0,6.0
1,3,9.480865681099564,1,0,0.0,8.0
31,32,10.802799769073378,1,-1,0.0,5.0
1,8,10.360751501023202,0,1,0.0,6.0
22,24,2.9933076711240196,1,1,0.0,2.0
0,1,9.284175094132669,0,1,0.0,6.0
-14,-10,4.030398170704755,1,0,0.0,12.0
11,16,11.766760445051265,0,-1,0.0,6.0
25,30,12.947619793891459,0,1,0.0,2.0
24,31,4.240547269456959,0,-1,0.0,3.0
-4,-4,6.188768530349424,0,-1,0.0,8.0
21,25,1.9769018715642268,1,0,0.0,3.0
-13,-4,9.462112386316802,1,0,0.0,8.0
27,30,10.216002391525013,0,0,0.0,3.0
-11,-11,5.658333541969533,1,1,0.0,11.0
26,33,10.795811635124103,0,1,0.0,2.0
5,10,0.11506486111588721,0,-1,0.0,7.0
1,11,2.9059572535916183,0,-1,0.0,5.0
4,9,1.3341881468593968,1,0,0.0,7.0
11,19,6.580440842045117,1,1,0.0,2.0
-24,-17,7.614792135183313,0,-1,0.0,16.0
6,15,6.214336524057236,0,1,0.0,3.0
-7,0,13.622708663815246,0,1,0.0,7.0
4,5,1.659227226994529,1,-1,0.0,8.0
-1,4,13.769997422728258,0,-1,0.0,8.0
18,28,12.252317413882944,1,-1,0.0,5.0
-7,1,2.3571248495743524,0,1,0.0,6.0
-18,-14,4.03609380569494,0,0,0.0,11.0
-14,-10,8.97526083463368,0,1,0.0,10.0
-11,-4,10.669681210002096,0,0,0.0,8.0
13,20,11.486397821948685,0,1,0.0,2.0
19,25,3.0254013488212923,1,-1,0.0,4.0
-26,-17,8.624528857484295,0,-1,0.0,16.0
-12,-2,5.8602230167451115,0,0,0.0,7.0
4,9,12.628755013196399,1,0,0.0,8.0
-8,-1,6.163291843641934,0,-1,0.0,8.0
-9,-9,13.106331916852131,0,0,0.0,12.0
33,34,6.2739114736114585,0,-1,0.0,3.0
-1,1,3.887283036772544,1,-1,0.0,9.0
15,20,1.123755699250704,1,-1,0.0,4.0
-2,8,4.693941016305667,1,-1,0.0,8.0
-5,-4,3.2137192898487656,0,-1,0.0,8.0
10,16,7.722239608467073,1,1,0.0,4.0
-18,-15,11.457440466422948,0,-1,0.0,17.0
-9,-8,11.813967889900512,0,0,0.0,12.0
14,17,13.557458726135492,1,0,0.0,6.0
2,2,4.651219622349677,1,0,0.0,8.0
1,8,5.193993060870018,0,0,0.0,6.0
8,12,14.41677983156268,1,0,0.0,6.0
-1,1,12.570399695490336,0,0,0.0,8.0
-20,-14,1.2578493206198482,0,1,0.0,10.0
27,28,6.439585856577955,0,-1,0.0,3.0
-19,-9,3.745247803940643,1,0,0.0,12.0
-27,-20,5.318118931642118,1,1,0.0,15.0
20,30,7.974676146855321,1,1,0.0,2.0
2,10,0.5007701367825446,0,0,0.0,6.0
1,5,4.549714567887568,0,1,0.0,5.0
-2,0,1.2601616476143933,0,0,0.0,7.0
3,5,9.242069859207799,1,-1,0.0,8.0
-23,-16,1.6563176400433688,1,1,0.0,15.0
32,32,12.242766978952508,0,1,0.0,2.0
-20,-10,12.730602777399934,0,1,0.0,11.0
-7,-3,4.311382752606038,0,-1,0.0,8.0
19,20,8.47702980826942,1,-1,0.0,4.0
6,15,10.90889872812161,1,1,0.0,5.0
12,17,10.327353684612387,0,1,0.0,4.0
26,28,14.046571785158886,0,0,0.0,3.0
-24,-15,13.386213319880419,1,-1,0.0,18.0
-2,5,13.865292682016598,0,1,0.0,6.0
-8,2,14.043842574299507,0,-1,0.0,9.0
7,15,2.70672523272839,0,0,0.0,4.0
-11,-7,5.865461597520532,0,1,0.0,10.0
-19,-13,7.160094631694666,1,1,0.0,11.0
-5,1,4.218592253556645,0,0,0.0,7.0
-10,-2,3.268617314573297,0,-1,0.0,8.0
-21,-17,12.124463922529603,1,-1,0.0,18.0
10,20,9.021764650115179,0,1,0.0,1.0
-21,-20,7.620731006649548,0,0,0.0,15.0
17,25,1.690149572704371,1,0,0.0,3.0
2,9,11.03084271410182,1,0,0.0,8.0
18,23,5.022509004021342,0,1,0.0,1.0
-15,-14,12.354305482013906,0,-1,0.0,13.0
-6,1,2.801085243134451,1,0,0.0,8.0
20,23,8.753849291122858,0,-1,0.0,3.0
11,21,14.798525470322993,0,0,0.0,3.0
-30,-20,2.034761460909702,1,1,0.0,15.0
11,15,7.122114121114305,1,1,0.0,4.0
16,17,12.864130710842959,1,0,0.0,6.0
27,32,11.201282589029939,1,0,0.0,4.0
-21,-15,8.294071779807703,1,1,0.0,15.0
-5,1,0.3734454749488597,1,0,0.0,8.0
25,26,10.661381907358583,1,-1,0.0,5.0
-24,-14,2.1783742735779734,1,1,0.0,11.0
6,9,14.479373756465597,1,-1,0.0,9.0
-14,-11,2.9871124654695014,1,0,0.0,12.0
32,33,2.1508968191687403,0,0,0.0,2.0
0,6,1.787112156981785,0,-1,0.0,7.0
21,25,5.045329462232818,0,-1,0.0,3.0
-18,-13,6.706923159181103,0,0,0.0,11.0
-15,-5,9.8550306438234,0,-1,0.0,12.0
-17,-13,8.095937290987326,1,0,0.0,12.0
11,13,2.2684436389667777,0,-1,0.0,5.0
-3,3,9.180548692533629,0,0,0.0,7.0
4,6,14.920713288071003,1,1,0.0,7.0
-26,-19,4.422704093038962,1,0,0.0,16.0
-23,-17,4.714837150074826,1,0,0.0,16.0
23,33,9.489008367402683,1,-1,0.0,4.0
-12,-6,9.316103762384591,0,0,0.0,11.0
4,5,5.510924884968081,0,0,0.0,6.0
19,25,12.453597111315705,0,0,0.0,3.0
-15,-5,0.6194711163045347,0,0,0.0,11.0
-10,-6,3.734813192611462,1,1,0.0,11.0
-14,-10,9.011002336820383,0,-1,0.0,12.0
22,32,1.1668128868529948,0,1,0.0,1.0
25,30,11.160346785466274,1,1,0.0,3.0
-10,-2,5.006150246160321,0,-1,0.0,8.0
12,22,12.006153378900148,1,0,0.0,4.0
-10,-7,14.134853806219954,0,0,0.0,12.0
-22,-16,4.099624749828818,1,1,0.0,15.0
-11,-2,7.683816798768018,0,1,0.0,6.0
-10,-3,13.365628394097222,1,0,0.0,9.0
8,8,7.805711690501141,0,-1,0.0,7.0
-20,-14,13.942474543751413,0,1,0.0,11.0
19,20,4.810719600669545,0,-1,0.0,3.0
-27,-17,12.908946113299663,1,-1,0.0,18.0
29,32,1.0345741655701612,1,-1,0.0,4.0
-20,-18,1.2562774313117153,1,0,0.0,16.0
-13,-9,11.934870992782741,1,0,0.0,13.0
-3,-1,14.385621686148289,1,-1,0.0,10.0
-18,-8,11.04056043432573,0,0,0.0,12.0
12,19,9.602310407448023,1,-1,0.0,4.0
5,13,12.515553442940194,1,1,0.0,5.0
10,16,14.147755212106711,0,0,0.0,5.0
-19,-9,2.273454147933734,0,1,0.0,10.0
-4,6,3.848177001271046,0,1,0.0,5.0
21,21,8.208993401443912,1,1,0.0,2.0
-9,-3,11.780292838745705,1,0,0.0,9.0
-14,-6,4.541049159371778,1,0,0.0,12.0
0,2,2.0480441701874352,0,1,0.0,6.0
-13,-13,1.3122865400604593,0,-1,0.0,12.0
2,9,9.819723079307842,0,1,0.0,5.0
19,25,1.2701457399921245,1,-1,0.0,4.0
4,13,4.232927071467807,0,1,0.0,3.0
11,15,2.2633695468307904,0,1,0.0,3.0
2,7,4.58773689880571,1,1,0.0,6.0
24,28,5.592455764030583,0,0,0.0,2.0
-9,-6,7.336528426094971,0,1,0.0,10.0
-5,-4,14.40473124484144,0,-1,0.0,9.0
16,25,7.231860614270987,0,1,0.0,1.0
5,6,10.145566091570844,1,1,0.0,7.0
3,10,10.828583207527144,0,1,0.0,6.0
-8,2,6.844172675272056,0,-1,0.0,8.0
-13,-6,5.58510793691764,1,1,0.0,11.0
-29,-19,5.794738728783329,0,1,0.0,14.0
-7,3,8.92176101081485,0,-1,0.0,8.0
6,12,6.220576112034166,0,1,0.0,3.0
7,11,9.62485397602331,1,1,0.0,4.0
11,17,9.429710614763035,0,1,0.0,3.0
-2,6,3.0290136992962067,1,-1,0.0,8.0
-27,-18,14.67502250829522,1,0,0.0,17.0
-3,-3,1.0738270524282094,1,1,0.0,7.0
18,26,6.142664489329605,1,0,0.0,3.0
-3,-2,6.066581748966083,0,-1,0.0,8.0
-21,-17,3.7117303034305102,0,1,0.0,14.0
6,10,2.427157245555845,0,0,0.0,6.0
13,18,4.811930458229739,0,1,0.0,3.0
-26,-19,11.920619870088265,1,-1,0.0,18.0
11,19,0.8669022496419898,1,-1,0.0,4.0
-21,-12,7.50644466816711,0,1,0.0,10.0
4,8,2.1325610129926913,0,0,0.0,6.0
8,17,1.0944974662119433,0,1,0.0,3.0
4,14,1.9885957664565308,1,0,0.0,5.0
14,14,12.283928698855702,1,-1,0.0,7.0
30,33,0.3609605129668986,0,-1,0.0,3.0
-17,-8,7.770407103877146,0,-1,0.0,12.0
-13,-13,9.928905949513917,0,1,0.0,10.0
1,10,2.285142855222696,1,1,0.0,6.0
-22,-15,11.40899203240476,1,1,0.0,16.0
-7,2,14.408606576367227,1,0,0.0,9.0
-8,1,12.753385659436468,1,1,0.0,8.0
3,4,8.164994911055532,1,0,0.0,7.0
14,18,2.1076073218631657,0,-1,0.0,5.0
-12,-9,3.234672437258922,1,0,0.0,12.0
3,5,9.237396019842723,0,0,0.0,6.0
-20,-18,10.772673542121142,0,-1,0.0,17.0
-11,-10,14.48883363377864,1,0,0.0,13.0
24,30,10.088181049195507,1,0,0.0,4.0
1,5,13.603398880326232,0,0,0.0,7.0
17,18,1.1381934771322566,0,1,0.0,3.0
-16,-14,12.402051610194405,1,-1,0.0,14.0
12,13,5.1491900809410796,1,-1,0.0,6.0
-12,-8,9.15124556956269,1,0,0.0,12.0
25,32,14.212028379050626,1,0,0.0,4.0
-9,1,4.238005186980358,0,1,0.0,6.0
-12,-10,14.42695874647,1,0,0.0,13.0
-22,-17,3.6961309342387287,1,-1,0.0,17.0
15,17,7.376810978449559,0,0,0.0,4.0
-8,-5,5.298593869153833,1,0,0.0,12.0
2,11,8.294088748088674,0,0,0.0,4.0
19,19,8.823673925400076,1,-1,0.0,4.0
-19,-11,6.261044221318072,1,1,0.0,11.0
4,4,3.0073111767126908,1,-1,0.0,8.0
-12,-12,12.50978847987542,1,1,0.0,12.0
4,6,2.8788955322339147,1,1,0.0,6.0
16,17,14.852516843222196,1,1,0.0,5.0
-8,-2,0.8280770951996563,0,-1,0.0,8.0
-3,7,14.832906860307677,1,0,0.0,8.0
-5,0,3.765510705594266,1,-1,0.0,9.0
2,2,10.04586657874447,1,-1,0.0,10.0
7,15,1.6304758766114336,1,-1,0.0,6.0
-8,-8,9.84676161058449,0,0,0.0,11.0
15,22,11.262748147517677,0,0,0.0,3.0
-22,-15,9.505159358117295,1,0,0.0,16.0
27,29,7.36975096148409,0,1,0.0,1.0
-20,-11,1.3985518271130137,0,-1,0.0,12.0
-12,-7,9.435365746277574,0,1,0.0,10.0
29,31,11.696917800028023,0,1,0.0,2.0
-20,-16,14.901243832018789,0,-1,0.0,17.0
-14,-5,3.9287148397715383,1,0,0.0,12.0
27,29,3.720952600879173,1,1,0.0,2.0
-15,-9,14.363078318971196,0,-1,0.0,13.0
2,10,10.1175094699458,1,1,0.0,7.0
2,4,5.623997875463167,0,1,0.0,5.0
19,25,14.231104967057504,0,0,0.0,3.0
-24,-18,2.2717242502264194,1,-1,0.0,17.0
22,27,14.908437497528503,1,0,0.0,4.0
-3,6,5.888591011521582,0,1,0.0,5.0
-20,-13,2.109941410971082,0,1,0.0,10.0
18,28,14.468576540403639,0,0,0.0,3.0
0,7,3.9470145273340873,1,1,0.0,6.0
19,20,10.793260678610247,1,1,0.0,3.0
-5,-1,9.517543674076084,0,1,0.0,6.0
3,4,11.443147133114248,1,1,0.0,7.0
23,24,12.656132052159979,0,1,0.0,2.0
-1,-1,4.537891407834353,1,0,0.0,8.0
-9,-9,4.531777458106867,1,-1,0.0,13.0
-28,-18,9.794775847484548,1,1,0.0,15.0
-6,-2,14.552134583336702,0,-1,0.0,9.0
28,35,13.237232956740653,1,0,0.0,4.0
14,21,2.131395709799903,0,-1,0.0,3.0
-5,4,9.199854049601011,1,1,0.0,6.0
-10,-8,2.5478928458167327,0,1,0.0,10.0
-2,0,13.01589954668727,0,-1,0.0,9.0
4,12,5.837774048402186,1,-1,0.0,6.0
-2,6,3.9970787609386305,0,1,0.0,5.0
-12,-6,8.742920441299725,1,-1,0.0,13.0
-9,-9,7.732301293219926,1,-1,0.0,13.0
21,21,7.0374499530076555,0,-1,0.0,3.0
4,13,11.618254877620663,1,1,0.0,5.0
0,7,7.91529022511663,0,0,0.0,6.0
7,10,12.410377957201714,0,-1,0.0,8.0
-17,-10,9.721262069579753,1,-1,0.0,13.0
-2,3,0.05815134906871966,0,-1,0.0,8.0
-16,-6,8.388835043258851,0,0,0.0,11.0
-19,-12,14.129433491899855,1,0,0.0,13.0
24,32,11.877543095183048,0,1,0.0,2.0
-14,-12,6.643775872757961,1,1,0.0,11.0
3,10,6.98673836078299,1,1,0.0,6.0
8,16,7.719500734445477,1,0,0.0,5.0
-2,6,9.894607799929382,0,1,0.0,5.0
15,15,12.358816768647088,0,0,0.0,5.0
18,25,0.32103197840158804,0,-1,0.0,3.0
-20,-19,0.7923997154495238,0,1,0.0,14.0
24,30,2.9919077483002177,0,-1,0.0,3.0
27,30,0.5664214266289347,1,1,0.0,2.0
-9,-2,12.851962073941896,1,0,0.0,9.0
21,30,8.741521311445094,0,-1,0.0,3.0
-13,-8,12.206461461303912,1,1,0.0,12.0
27,35,7.539252997763492,1,0,0.0,3.0
8,18,7.493809699676613,1,0,0.0,5.0
-15,-9,0.92676546541474,1,1,0.0,11.0
28,31,9.489146220234526,1,-1,0.0,4.0
-10,-10,0.7483798790676749,1,0,0.0,12.0
-24,-19,0.9533247983082055,1,1,0.0,15.0
-22,-16,5.5765001964679906,1,-1,0.0,17.0
-3,6,14.416038041284946,0,-1,0.0,8.0
16,16,9.41367790380624,1,0,0.0,5.0
-4,5,9.932389146605058,0,1,0.0,5.0
13,14,13.93230699225685,0,0,0.0,5.0
28,28,13.866251555990774,1,1,0.0,3.0
26,29,4.477193821461121,1,0,0.0,3.0
-1,-1,4.11395175574142,1,1,0.0,7.0
6,8,0.6221850849252908,1,-1,0.0,8.0
-13,-13,0.8175138846479579,1,1,0.0,11.0
26,27,11.601825881723387,1,-1,0.0,5.0
-10,-10,13.453429801822162,1,-1,0.0,14.0
-15,-10,13.343927550833138,0,1,0.0,11.0
13,23,12.43610256914417,0,0,0.0,3.0
15,18,10.900529834091284,0,-1,0.0,6.0
13,19,5.231392735336562,0,0,0.0,2.0
-5,-5,13.760043987224895,1,0,0.0,13.0
-20,-18,2.5607419418169517,0,-1,0.0,16.0
-4,5,3.4113290063023176,0,1,0.0,5.0
-6,-4,9.816332137620392,1,-1,0.0,9.0
3,5,12.002348699237462,1,1,0.0,7.0
-7,-5,13.867772716008673,0,-1,0.0,13.0
-7,2,11.31792079642795,1,0,0.0,9.0
10,10,12.896476468915989,1,-1,0.0,9.0
20,30,11.097460940087187,0,1,0.0,2.0
-28,-20,14.956857031286145,0,0,0.0,16.0
13,18,11.686884542916257,0,1,0.0,4.0
20,21,8.138480398441471,1,1,0.0,2.0
31,35,14.332886668468912,1,-1,0.0,5.0
-7,1,4.313707487332886,1,-1,0.0,9.0
2,8,1.765497499379007,1,0,0.0,7.0
-27,-20,11.116992233561104,1,1,0.0,16.0
-1,1,10.34845531631466,1,1,0.0,8.0
-26,-16,10.31189344752812,1,0,0.0,17.0
-14,-14,8.869102129600414,1,1,0.0,11.0
-8,-6,6.133344209859656,0,1,0.0,10.0
-24,-16,4.332656162102651,0,1,0.0,14.0
-12,-7,10.742326546703337,1,0,0.0,13.0
-23,-13,14.114701727398797,0,1,0.0,11.0
15,16,7.011390786226842,0,0,0.0,4.0
-20,-14,2.8956572681881667,0,1,0.0,10.0
24,34,9.580576525491098,0,0,0.0,2.0
-21,-19,12.480529180489876,1,0,0.0,17.0
26,29,12.27740953399092,0,1,0.0,2.0
15,25,13.859746430555923,0,-1,0.0,4.0
16,26,14.663583523834161,1,1,0.0,3.0
6,9,13.665362221779933,0,0,0.0,7.0
-4,5,3.4891858951024,1,-1,0.0,8.0
-10,-5,12.487988475565569,0,0,0.0,12.0
-13,-13,11.335619766046799,0,1,0.0,11.0
3,4,14.47206395449737,1,0,0.0,8.0
7,8,9.070457113871868,1,0,0.0,7.0
-2,1,9.68007375993825,1,1,0.0,7.0
22,28,0.7984639590290776,1,0,0.0,3.0
34,34,4.304985225650002,0,0,0.0,2.0
20,26,5.745376858920021,1,0,0.0,3.0
0,8,12.054971801977324,0,0,0.0,7.0
-2,1,9.00034747654267,0,0,0.0,7.0
5,5,3.45844975846882,0,-1,0.0,7.0
27,32,11.471069258527788,1,-1,0.0,5.0
-13,-12,7.301838552195042,1,1,0.0,11.0
8,17,9.174248074882334,0,-1,0.0,5.0
25,29,6.618141947891906,1,-1,0.0,4.0
24,32,6.428117457414166,0,-1,0.0,3.0
-22,-12,3.8794072676515623,1,1,0.0,11.0
10,14,13.613541037729046,1,1,0.0,5.0
1,5,5.281762155823805,1,-1,0.0,8.0
22,28,1.1618933526061093,1,1,0.0,2.0
-18,-13,13.917415855480371,1,-1,0.0,14.0
-13,-9,12.693051673938639,1,1,0.0,12.0
-4,-3,9.343215739011153,0,-1,0.0,8.0
27,34,6.193620026567677,0,0,0.0,2.0
-20,-19,7.226236558664114,1,0,0.0,16.0
-3,-3,13.461485336813784,1,0,0.0,9.0
16,23,10.780568986896709,0,0,0.0,3.0
18,28,3.229793564982071,0,0,0.0,2.0
0,4,3.217652260273065,0,-1,0.0,7.0
-22,-13,1.4747673660600158,1,0,0.0,12.0
-1,0,14.054098518606088,0,0,0.0,8.0
13,18,0.7671763113740793,0,1,0.0,3.0
-13,-7,12.666159427973822,1,-1,0.0,14.0
-4,-1,8.476574992504952,1,-1,0.0,9.0
15,25,3.260898155412484,0,0,0.0,2.0
33,33,14.325999196334143,1,1,0.0,3.0
17,24,8.195164059978177,1,0,0.0,3.0
2,6,10.343111085520894,0,1,0.0,6.0
-10,-8,12.679522633507801,0,-1,0.0,13.0
-3,0,13.902400934810595,1,-1,0.0,10.0
1,2,10.040049797870857,0,-1,0.0,9.0
5,12,3.717057637128069,0,0,0.0,4.0
13,22,2.4053335037268697,0,0,0.0,2.0
-6,-1,10.976406546154621,1,1,0.0,8.0
2,9,7.9813578859304615,0,-1,0.0,7.0
-14,-8,8.200903947801098,0,0,0.0,11.0
-21,-16,13.846517799316704,0,1,0.0,15.0
20,29,11.042520978229193,1,0,0.0,4.0
10,14,12.709770853422977,1,-1,0.0,7.0
6,15,10.893576999948143,1,0,0.0,6.0
23,27,8.961610729305548,0,-1,0.0,3.0
17,22,6.023140902714154,0,-1,0.0,3.0
-6,0,13.175343318220166,1,-1,0.0,10.0
-24,-20,2.512847830512409,1,1,0.0,15.0
12,15,6.928474061188969,1,1,0.0,4.0
19,20,2.2414151248036784,0,1,0.0,1.0
9,18,2.716554761009233,0,0,0.0,4.0
8,18,6.831182752790694,0,0,0.0,4.0
-2,0,2.0415912824543936,1,0,0.0,8.0
19,21,7.463516149300652,1,1,0.0,2.0
16,17,11.99512846904776,1,-1,0.0,7.0
-3,6,13.969840768437543,1,0,0.0,8.0
-18,-10,9.553200882793524,0,0,0.0,11.0
-13,-11,3.744119228995184,1,-1,0.0,13.0
-17,-17,6.067839741739062,1,1,0.0,15.0
21,26,3.844754260753531,0,1,0.0,1.0
1,4,5.435429195230447,1,-1,0.0,8.0
9,10,8.357248087779576,1,-1,0.0,8.0
-6,-6,11.522051544135364,1,1,0.0,12.0
27,28,1.7034666400552774,0,-1,0.0,3.0
4,4,10.577414466369047,1,0,0.0,8.0
-10,-1,8.258870214346727,1,1,0.0,7.0
28,31,5.191981761699211,0,-1,0.0,3.0
14,24,5.9821341411508175,0,0,0.0,2.0
-29,-19,10.28430798222312,1,1,0.0,16.0
12,12,13.127172165035834,0,1,0.0,4.0
2,4,12.158781407465755,1,0,0.0,8.0
8,14,8.506852890800209,0,1,0.0,3.0
-15,-5,0.7053817465129514,0,-1,0.0,12.0
15,23,12.356112345983552,1,1,0.0,3.0
10,11,2.6729026844894688,1,1,0.0,4.0
-18,-18,12.815426820757422,0,0,0.0,16.0
15,24,1.3909525700906915,1,0,0.0,3.0
6,14,4.436634504065044,1,0,0.0,5.0
-17,-17,2.0478868758679973,1,0,0.0,16.0
-13,-8,3.7639305993336682,0,1,0.0,10.0
-11,-5,0.34399066159787384,1,0,0.0,12.0
14,23,5.618652824444986,0,1,0.0,1.0
26,26,0.07251155757107386,0,1,0.0,1.0
-2,5,13.776338957760291,0,1,0.0,6.0
-5,-4,5.492946715264236,1,-1,0.0,9.0
-7,-3,10.416226548767934,0,0,0.0,8.0
10,16,7.363721143800818,1,1,0.0,4.0
-25,-16,14.355564347521561,0,0,0.0,16.0
11,13,3.590385407951922,1,1,0.0,4.0
27,35,9.638231351943688,0,0,0.0,2.0
0,8,0.5431500242615639,0,1,0.0,5.0
-15,-14,10.998477565610889,0,-1,0.0,13.0
8,13,12.802737752598667,0,1,0.0,4.0
9,15,10.626271538126819,0,0,0.0,5.0
29,32,1.399701113407172,1,-1,0.0,4.0
25,32,6.840012461152914,0,-1,0.0,3.0
14,20,4.008870355140322,0,1,0.0,1.0
-20,-14,8.163909216461798,1,-1,0.0,13.0
5,14,5.399325920580577,1,-1,0.0,6.0
-3,1,7.26230373375082,0,0,0.0,7.0
22,27,9.112416694880515,1,0,0.0,3.0
-1,5,12.048291087941626,1,0,0.0,8.0
7,11,10.06295739043026,0,0,0.0,5.0
22,26,4.107653269919355,1,-1,0.0,4.0
25,26,2.8297291866740255,1,1,0.0,2.0
-22,-15,9.367292383993354,1,-1,0.0,17.0
27,29,9.504460727728306,1,1,0.0,2.0
-19,-14,6.821385349106194,1,1,0.0,11.0
18,28,4.895964831798656,0,0,0.0,2.0
20,26,14.678865981481875,0,0,0.0,3.0
-18,-12,13.048853373168505,0,1,0.0,11.0
4,10,12.256055538105711,0,1,0.0,6.0
14,24,2.5863852974785138,1,0,0.0,3.0
26,29,5.730714511757839,0,-1,0.0,3.0
-18,-12,11.982795199053998,1,1,0.0,12.0
2,12,12.222111766519099,0,0,0.0,5.0
34,34,13.859156354148954,1,-1,0.0,5.0
-30,-20,13.386002970812282,1,0,0.0,17.0
26,27,14.500319339434608,1,-1,0.0,5.0
-11,-1,14.404790155183017,0,1,0.0,7.0
0,2,7.391758354556958,0,1,0.0,6.0
-18,-18,14.452674632747437,0,-1,0.0,17.0
-26,-19,13.808105755417891,0,-1,0.0,17.0
8,10,5.392274712875257,0,1,0.0,5.0
17,24,3.583859133762905,0,1,0.0,1.0
29,34,9.883705678902896,0,0,0.0,2.0
28,31,0.7349423756823265,1,1,0.0,2.0
21,27,5.571130112351001,1,0,0.0,3.0
22,27,1.108906197026589,1,1,0.0,2.0
17,25,13.802637672254184,0,-1,0.0,4.0
7,15,5.58025109448233,0,-1,0.0,5.0
-25,-18,12.192737423018995,1,0,0.0,17.0
11,17,10.601215632735029,1,0,0.0,6.0
-9,0,11.558117100238366,0,1,0.0,7.0
-28,-19,5.222765588951529,1,-1,0.0,17.0
24,30,0.4916184524249678,0,1,0.0,1.0
21,29,6.774522589081692,1,0,0.0,3.0
3,9,12.21531450686435,0,-1,0.0,8.0
2,7,14.379003793706405,0,1,0.0,6.0
10,16,6.152238036986154,1,1,0.0,4.0
-4,0,9.100581852297141,1,-1,0.0,9.0
-9,-2,1.5008026043524154,1,1,0.0,7.0
19,23,1.576853343811696,0,1,0.0,1.0
-9,-8,2.889412259810541,0,0,0.0,11.0
-19,-13,6.51656739876805,0,1,0.0,10.0
-4,4,12.686728934760911,1,0,0.0,8.0
8,12,13.254901382404952,1,-1,0.0,7.0
4,10,5.337190810422707,1,-1,0.0,8.0
9,12,5.069877658939342,0,-1,0.0,5.0
5,7,9.895371944461104,1,-1,0.0,8.0
-1,9,7.571935034560631,1,0,0.0,7.0
14,21,3.284973709625704,1,1,0.0,2.0
33,34,0.8379365815665479,1,0,0.0,3.0
-22,-13,5.71148533056336,0,-1,0.0,12.0
4,12,4.164585400181774,0,1,0.0,3.0
7,8,2.7162659798513777,1,-1,0.0,8.0
12,16,12.86338037122346,0,-1,0.0,6.0
-17,-15,11.254331802296742,1,0,0.0,17.0
-14,-12,0.31827692823694353,0,-1,0.0,12.0
0,8,6.642391668110591,0,0,0.0,6.0
18,21,12.882474649044697,1,0,0.0,4.0
23,25,10.49894851649814,1,-1,0.0,5.0
17,27,9.969256694097279,1,0,0.0,3.0
-5,2,11.049114903811411,1,-1,0.0,10.0
-11,-9,12.445874063912537,1,-1,0.0,14.0
-11,-1,1.8743790073452797,0,1,0.0,6.0
-9,-9,6.921849926830404,1,-1,0.0,13.0
20,26,12.791852007366074,0,-1,0.0,4.0
-15,-8,3.2190521725535644,1,0,0.0,12.0
-20,-11,0.9614124020257164,1,1,0.0,11.0
4,10,2.6238359908069144,0,-1,0.0,7.0
24,27,8.283959912962175,1,-1,0.0,4.0
0,4,10.788717597115824,0,-1,0.0,8.0
28,34,9.16634474466761,1,-1,0.0,4.0
-15,-14,11.821286394676243,0,-1,0.0,13.0
17,24,12.023884897458542,0,1,0.0,2.0
7,11,14.229665040521915,0,0,0.0,5.0
30,33,7.740554493154824,0,-1,0.0,3.0
-13,-8,2.0353680149509126,0,0,0.0,11.0
0,2,3.2534175893775217,1,0,0.0,8.0
-21,-14,12.049995307720476,0,-1,0.0,13.0
-11,-7,6.143916055039723,0,-1,0.0,12.0
13,15,6.407620361563876,0,0,0.0,4.0
18,25,8.56260969751475,1,1,0.0,2.0
-12,-12,11.95165068228677,1,0,0.0,13.0
-24,-16,9.236747881134189,0,1,0.0,14.0
7,10,2.9132835333095866,0,1,0.0,5.0
-6,-4,9.035607017794199,1,0,0.0,8.0
5,14,6.149694125027865,0,1,0.0,3.0
-19,-18,2.658538395714365,0,1,0.0,14.0
-24,-18,14.790846844174878,1,0,0.0,17.0
25,29,11.242186198756135,0,0,0.0,3.0
21,25,13.759112791204414,0,-1,0.0,4.0
-6,3,6.39018637974322,1,0,0.0,8.0
16,19,12.296074076440432,1,0,0.0,4.0
1,6,1.3104252457673615,1,1,0.0,6.0
5,5,14.216368951061366,1,0,0.0,8.0
-18,-15,7.0931206592334615,1,0,0.0,16.0
-19,-17,0.560049755215018,1,-1,0.0,17.0
-20,-14,8.10005050928682,0,1,0.0,10.0
-7,-1,8.101390117426934,0,0,0.0,7.0
15,17,14.254442008676955,0,1,0.0,4.0
32,32,5.30452337360083,0,1,0.0,1.0
15,19,9.195859497396173,0,1,0.0,1.0
-2,7,13.985346022753868,0,-1,0.0,8.0
2,4,12.438184639941744,1,0,0.0,8.0
11,16,10.55868988451342,0,1,0.0,4.0
-24,-14,3.2851620860533988,1,-1,0.0,13.0
20,25,1.962374140890396,0,1,0.0,1.0
6,16,6.711748126186128,0,0,0.0,4.0
-12,-4,9.867437663379064,1,1,0.0,7.0
2,9,13.753430316979284,1,1,0.0,7.0
11,15,0.7409934891803466,0,1,0.0,3.0
29,34,0.6108687268926816,1,0,0.0,3.0
25,26,6.090176658762514,0,1,0.0,1.0
11,12,9.964601894724993,1,0,0.0,5.0
5,8,2.566185918759345,0,1,0.0,5.0
17,21,8.460740843697929,1,1,0.0,2.0
-10,-7,10.745577385092592,1,-1,0.0,14.0
-19,-15,4.0293557787920244,0,0,0.0,15.0
14,14,7.723348521912502,0,-1,0.0,5.0
-23,-14,3.0945746317829075,1,-1,0.0,13.0
-3,-2,7.50853028259,0,0,0.0,7.0
4,8,14.26957784214828,0,0,0.0,7.0
-12,-8,12.434578335173619,1,1,0.0,12.0
-4,-4,12.8866033185456,0,1,0.0,7.0
5,7,3.650513016241023,0,1,0.0,5.0
22,30,4.339691636840694,1,-1,0.0,4.0
10,15,13.2430877558967,0,0,0.0,5.0
18,24,13.11676736112625,0,0,0.0,3.0
-5,5,4.321477477150082,1,1,0.0,6.0
23,28,9.898582515372189,0,0,0.0,2.0
-15,-8,2.229248223981867,0,0,0.0,11.0
9,9,2.085921894248359,1,1,0.0,6.0
-19,-17,0.4409257038121345,1,0,0.0,16.0
-19,-16,4.566699688502135,0,0,0.0,15.0
25,34,9.293095250859627,0,1,0.0,1.0
30,32,13.201658926183143,1,1,0.0,3.0
-4,3,8.022347758862802,1,1,0.0,7.0
-8,-5,11.948554999279867,1,-1,0.0,14.0
-27,-17,10.642456175496992,1,-1,0.0,18.0
-12,-9,12.068358899046686,1,-1,0.0,14.0
9,17,6.48109193913865,1,1,0.0,4.0
27,33,2.601595993592938,0,-1,0.0,3.0
8,11,0.9628808531168259,0,-1,0.0,5.0
18,26,9.211484113574434,1,0,0.0,3.0
9,10,6.753518420297361,0,0,0.0,6.0
6,12,12.266113660598062,0,0,0.0,5.0
-1,7,2.002983365178639,1,-1,0.0,8.0
-6,0,14.29284003303557,0,0,0.0,8.0
1,8,0.16225941709228975,1,-1,0.0,8.0
-1,-1,9.485997840317262,1,0,0.0,8.0
-2,2,5.2252838424608825,0,1,0.0,6.0
-15,-6,9.609397320194201,1,-1,0.0,13.0
-8,-7,12.372587795547938,1,1,0.0,12.0
-13,-10,5.502538199126757,1,1,0.0,11.0
-9,-9,13.78557253051304,1,-1,0.0,14.0
-26,-18,7.703720772805818,0,1,0.0,14.0
28,29,7.477292778306271,1,0,0.0,3.0
-2,0,9.152436170966128,1,0,0.0,8.0
-8,-4,1.8814512782329467,0,1,0.0,6.0
24,30,9.817740632215536,0,1,0.0,1.0
18,18,1.396578739452146,0,0,0.0,4.0
-7,0,6.408459627770886,1,0,0.0,8.0
25,33,4.949828454323257,0,0,0.0,2.0
28,30,14.956371618980317,0,0,0.0,3.0
-20,-12,9.619902520857712,1,1,0.0,11.0
28,31,7.246695505505148,1,1,0.0,2.0
25,26,3.5178899121169445,0,1,0.0,1.0
-22,-19,13.77058320604907,0,-1,0.0,17.0
16,22,1.1084754145761577,1,-1,0.0,4.0
-17,-8,8.39574922985376,0,-1,0.0,12.0
-3,-3,3.431898504250119,1,-1,0.0,9.0
18,23,13.745228717522199,1,-1,0.0,5.0
-23,-14,5.267974756570528,1,1,0.0,11.0
21,29,5.700408342101884,0,1,0.0,1.0
-15,-13,1.252807378809056,0,-1,0.0,12.0
-1,5,3.946224829867853,0,0,0.0,6.0
-22,-13,13.060828678059375,0,-1,0.0,13.0
3,10,13.044519676787788,0,0,0.0,7.0
-20,-14,10.760312158128666,0,0,0.0,12.0
-20,-18,2.8999622732229047,0,0,0.0,15.0
-20,-18,5.609839445664319,0,-1,0.0,16.0
32,34,9.178056909067644,1,-1,0.0,4.0
15,21,2.184207002205534,0,0,0.0,2.0
13,19,0.503775247841004,1,1,0.0,2.0
4,9,9.031347723484366,0,-1,0.0,7.0
-15,-8,0.6220325955178679,0,0,0.0,11.0
2,11,4.910190962030977,0,1,0.0,3.0
-20,-14,6.558456096736837,0,1,0.0,10.0
10,16,10.955257904255387,1,-1,0.0,7.0
19,26,6.10489418264548,1,1,0.0,2.0
16,18,10.532650583183525,1,0,0.0,6.0
-11,-8,5.702017188067014,1,-1,0.0,13.0
-2,6,4.9054143584335925,1,1,0.0,6.0
-13,-10,14.205487314674397,0,0,0.0,12.0
18,23,0.9964727961070902,0,1,0.0,1.0
11,19,3.9720044830241372,1,-1,0.0,4.0
-4,5,14.617167715573109,0,-1,0.0,8.0
15,23,5.687372035232083,0,-1,0.0,3.0
-20,-16,8.171328112819403,1,1,0.0,15.0
-19,-9,3.060237323544011,1,0,0.0,12.0
7,11,9.548339467460488,0,-1,0.0,5.0
-3,0,6.785020889687846,1,1,0.0,7.0
26,31,7.05700689551045,1,1,0.0,2.0
5,12,2.6574549607650857,0,-1,0.0,5.0
-5,-2,4.477219533205699,1,-1,0.0,9.0
9,10,0.8113657738610719,1,0,0.0,7.0
-19,-11,10.868049158944713,0,1,0.0,11.0
15,17,5.47698704278483,0,0,0.0,4.0
12,21,2.039099865147617,1,0,0.0,3.0
-14,-13,5.34645450201288,1,0,0.0,12.0
17,21,0.15416440822611455,0,-1,0.0,3.0
9,15,6.4946784234227755,0,0,0.0,4.0
-6,0,6.163986501686027,0,-1,0.0,8.0
-15,-13,1.0608265899837783,0,-1,0.0,12.0
1,7,13.257253108908685,0,0,0.0,7.0
25,28,12.12798676171261,0,0,0.0,3.0
1,4,8.917246955648604,0,0,0.0,6.0
20,30,6.597459845190453,1,-1,0.0,4.0
19,26,4.885606878634471,0,-1,0.0,3.0
26,35,14.813990747862517,1,-1,0.0,5.0
30,33,7.972429571662422,1,1,0.0,2.0
-1,2,6.318026156612716,0,1,0.0,6.0
-22,-20,7.037754110146231,1,-1,0.0,17.0
20,22,3.4960211137666164,0,0,0.0,2.0
-22,-19,2.2472979667224164,1,1,0.0,15.0
-16,-15,13.68488793164409,0,-1,0.0,17.0
14,18,4.476351351265729,1,-1,0.0,6.0
-10,-2,1.5738881203089417,0,-1,0.0,8.0
2,2,3.2799558908057413,0,1,0.0,6.0
3,3,14.774748991770549,1,-1,0.0,10.0
4,4,3.6786445024621104,0,-1,0.0,7.0
25,34,2.0137561688659478,0,0,0.0,2.0
-14,-14,0.6427160031382334,1,-1,0.0,13.0
-4,-3,8.921349385916335,0,1,0.0,6.0
-13,-10,3.01257861110722,0,-1,0.0,12.0
-16,-16,11.42558617169893,0,0,0.0,16.0
-11,-7,7.369783489412101,1,1,0.0,11.0
31,34,3.305823153860956,0,-1,0.0,3.0
4,7,1.826954241577774,0,-1,0.0,7.0
-13,-13,10.870606388581972,0,-1,0.0,13.0
20,25,6.039786876625184,0,1,0.0,1.0
5,6,6.504070788897326,0,1,0.0,5.0
-12,-2,1.0086340737626542,0,1,0.0,6.0
7,8,9.067316464824891,1,1,0.0,6.0
31,32,6.419362818662373,0,-1,0.0,3.0
-19,-12,3.371450670158738,1,0,0.0,12.0
15,20,12.335457838514175,0,1,0.0,2.0
-27,-17,14.341833927442437,1,1,0.0,16.0
3,10,8.599169645706548,1,-1,0.0,8.0
15,22,5.161737615696259,0,-1,0.0,3.0
-12,-8,5.731492170422689,1,1,0.0,11.0
8,9,5.75402059011708,0,-1,0.0,7.0
27,28,2.412970638348382,1,-1,0.0,4.0
21,25,2.411124711878172,1,-1,0.0,4.0
-3,3,6.413530565006524,0,-1,0.0,8.0
-15,-13,3.1804206340127275,0,-1,0.0,12.0
-18,-9,3.9756649380784985,1,0,0.0,12.0
-9,-9,7.58550948501533,1,1,0.0,11.0
7,7,8.988162335303485,1,1,0.0,6.0
-14,-13,14.978088128990308,0,0,0.0,12.0
20,28,0.2538450687296856,0,1,0.0,1.0
12,18,6.48765073192065,1,0,0.0,5.0
3,5,0.5753159230135463,0,1,0.0,5.0
14,24,2.145896140493525,0,0,0.0,2.0
-8,-6,8.224716446087111,1,-1,0.0,13.0
33,34,1.8053353317378669,1,0,0.0,3.0
6,15,6.746473760002911,0,0,0.0,4.0
21,24,0.999120100689182,1,-1,0.0,4.0
-6,-4,3.5076802572498735,1,1,0.0,7.0
-18,-10,7.746179713569252,1,-1,0.0,13.0
17,18,2.267160552671326,0,0,0.0,4.0
17,19,11.48090554592938,0,0,0.0,3.0
10,13,11.896068258868212,0,0,0.0,5.0
-14,-10,0.0534540032970543,1,-1,0.0,13.0
-8,-2,3.3071519454121345,1,0,0.0,8.0
33,33,10.420738951832428,1,0,0.0,4.0
-14,-10,8.019291942576992,1,1,0.0,11.0
-13,-12,14.641426273353503,1,0,0.0,13.0
-10,0,14.483277513271819,0,0,0.0,8.0
-22,-14,11.316763929966287,0,-1,0.0,13.0
-25,-15,14.741640466792632,1,0,0.0,17.0
-19,-10,2.928210702102876,1,-1,0.0,13.0
17,23,12.284904548332868,0,1,0.0,2.0
-16,-12,4.679709917712031,1,0,0.0,12.0
-11,-5,7.6499866117650726,1,0,0.0,12.0
2,12,9.765657811349786,1,-1,0.0,6.0
11,20,2.515016778365608,1,0,0.0,3.0
-22,-19,8.350481746773136,1,1,0.0,15.0
-5,-5,5.785590742379191,1,-1,0.0,13.0
-1,-1,3.4319689075873887,1,1,0.0,7.0
34,34,9.152709861281357,0,1,0.0,1.0
-4,2,10.28885125264264,1,1,0.0,8.0
5,5,14.950725434875931,0,1,0.0,6.0
11,19,14.976067469828935,1,0,0.0,4.0
1,1,0.7808915448170411,1,1,0.0,7.0
31,35,3.707517662626814,1,1,0.0,2.0
-8,-4,4.407413606776396,1,1,0.0,7.0
29,31,1.5548402065427975,1,0,0.0,3.0
-24,-18,1.8124240632805493,1,-1,0.0,17.0
-8,-5,0.6082445227104027,0,-1,0.0,12.0
1,6,5.962911489018547,1,-1,0.0,8.0
21,29,5.091480736070241,0,0,0.0,2.0
25,33,13.415708987185353,1,0,0.0,4.0
30,32,7.579365882887339,0,-1,0.0,3.0
14,20,2.398538096519748,1,0,0.0,3.0
-9,-7,2.0950798234941836,0,-1,0.0,12.0
26,34,8.407401059928327,0,1,0.0,1.0
4,5,13.816527713195295,0,0,0.0,7.0
29,31,5.934517633965725,0,-1,0.0,3.0
0,1,9.360301661414617,1,0,0.0,8.0
11,13,12.986448154149764,1,1,0.0,5.0
19,28,8.262060739953897,0,1,0.0,1.0
23,27,12.097586830640468,1,1,0.0,3.0
-3,-2,1.5895385452926343,1,0,0.0,8.0
-10,-9,10.602616145729673,0,1,0.0,11.0
25,33,9.370598544874031,1,-1,0.0,4.0
-19,-14,6.910428022348253,1,1,0.0,11.0
-2,8,6.948259481926207,0,0,0.0,6.0
-9,-5,0.21783706633698774,1,1,0.0,11.0
-3,4,1.4623852104567514,0,-1,0.0,7.0
10,15,6.326150317346669,0,0,0.0,4.0
-8,-8,2.3107725767133056,0,-1,0.0,12.0
-2,1,2.1390791964905063,0,-1,0.0,8.0
30,32,13.336073134071967,1,-1,0.0,5.0
16,25,12.425978700393092,0,1,0.0,2.0
7,8,13.497588806144988,1,1,0.0,7.0
-19,-10,7.8906910857627,1,1,0.0,11.0
16,17,11.440215801116539,0,0,0.0,5.0
6,16,11.089750102671081,0,0,0.0,5.0
-6,-1,4.8283302616760695,0,0,0.0,7.0
27,35,2.875629633399588,1,-1,0.0,4.0
25,35,0.40908951528019155,1,0,0.0,3.0
7,16,3.1246749942044794,0,1,0.0,3.0
16,24,4.268733995258464,1,-1,0.0,4.0
-19,-18,6.4592713827477555,1,0,0.0,16.0
-7,-5,3.92782758229141,0,1,0.0,10.0
35,35,12.779776037674345,0,-1,0.0,4.0
-4,-1,10.209765131700658,1,0,0.0,9.0
-25,-16,12.085324636432043,1,0,0.0,17.0
-28,-19,10.589523181044108,0,-1,0.0,17.0
-6,0,6.992060572168903,0,-1,0.0,8.0
-11,-3,2.501369667199937,0,1,0.0,6.0
-4,0,5.1726938990814855,1,-1,0.0,9.0
30,30,7.244584657147437,0,-1,0.0,3.0
-22,-20,14.700793989566904,1,-1,0.0,18.0
-8,-4,6.909034154234186,1,1,0.0,7.0
-23,-16,3.9080280287675446,0,-1,0.0,16.0
-18,-10,6.959860143006167,0,-1,0.0,12.0
-15,-13,12.828753310616566,1,-1,0.0,14.0
-3,-3,3.7604564912153804,0,-1,0.0,8.0
33,34,4.712086697071233,1,-1,0.0,4.0
-18,-9,1.7806022433010842,1,0,0.0,12.0
7,13,3.8138556714972554,0,0,0.0,4.0
7,10,8.800882538215014,1,1,0.0,6.0
-24,-17,10.919363828026302,1,-1,0.0,18.0
14,19,5.870304339760205,0,1,0.0,1.0
-9,1,5.901373490356041,0,1,0.0,6.0
-5,-5,8.430870614772092,0,0,0.0,11.0
15,22,2.010271801361696,1,1,0.0,2.0
18,18,2.3310943293139195,1,-1,0.0,6.0
13,21,11.151256066253147,1,-1,0.0,5.0
9,16,1.633033693198488,1,-1,0.0,6.0
1,3,5.911750528106647,1,-1,0.0,9.0
11,12,3.462336637445155,0,0,0.0,4.0
-20,-18,10.528923570833918,0,-1,0.0,17.0
7,14,8.010768436987815,1,0,0.0,5.0
9,18,9.642485438638296,1,1,0.0,4.0
24,33,8.911555412711307,0,0,0.0,2.0
-21,-17,5.4449536134169385,1,-1,0.0,17.0
-9,-1,9.854298820795831,0,-1,0.0,8.0
25,25,6.1368888153290335,1,-1,0.0,4.0
32,32,7.831277168685126,0,-1,0.0,3.0
5,6,2.319067204329331,1,-1,0.0,8.0
13,13,12.827463788396715,1,0,0.0,6.0
4,5,11.174817043478855,1,1,0.0,7.0
25,30,13.994196762619033,1,0,0.0,4.0
26,34,6.863479869702899,1,1,0.0,2.0
-20,-17,2.502615958788967,0,1,0.0,14.0
25,34,3.0084836770357564,0,-1,0.0,3.0
-12,-4,14.857247279771428,1,-1,0.0,10.0
-3,6,2.6724176038821317,1,1,0.0,6.0
22,31,10.104955782642362,0,-1,0.0,4.0
16,16,7.411711204854657,0,-1,0.0,5.0
27,29,11.646321587423392,1,1,0.0,3.0
11,19,10.027953389397794,0,1,0.0,2.0
12,15,7.824509524510152,1,1,0.0,4.0
-1,1,10.941222520355648,1,0,0.0,9.0
16,17,7.7308224464550594,0,-1,0.0,5.0
23,33,14.991090308638372,1,-1,0.0,5.0
30,33,5.60637453414547,0,1,0.0,1.0
18,28,12.82972972913794,0,0,0.0,3.0
7,8,11.617708899822652,0,-1,0.0,8.0
-30,-20,12.615914711979158,1,0,0.0,17.0
5,12,3.3011625182873323,1,0,0.0,5.0
-14,-8,4.8831777932834255,1,-1,0.0,13.0
2,8,7.882151368093098,1,1,0.0,6.0
18,18,14.684190549965797,0,0,0.0,5.0
31,35,7.74908741784061,0,-1,0.0,3.0
19,26,0.9868939962442647,1,1,0.0,2.0
0,7,5.847852455080677,0,-1,0.0,7.0
5,10,11.166321919588372,1,1,0.0,7.0
-17,-11,14.400112910164996,0,-1,0.0,13.0
-1,2,9.72170259561776,0,0,0.0,7.0
-7,-5,13.521035811384685,1,0,0.0,13.0
13,21,7.101751204913629,0,0,0.0,2.0
-3,6,1.046449515224861,1,1,0.0,6.0
-8,-8,0.3404438087725664,0,-1,0.0,12.0
25,35,10.931256523595138,1,-1,0.0,5.0
-28,-18,2.854535692305478,0,1,0.0,14.0
-15,-7,4.5995216196000435,0,1,0.0,10.0
-5,0,0.6032397658424254,0,0,0.0,7.0
-14,-4,10.228762504996617,0,1,0.0,7.0
13,18,3.512277505841424,1,-1,0.0,6.0
-17,-13,8.003919548195139,1,-1,0.0,13.0
5,8,11.883473565185016,1,1,0.0,7.0
-1,1,4.276920464856603,0,-1,0.0,8.0
29,30,0.06542166447456643,1,-1,0.0,4.0
-16,-11,3.5903264377365396,1,0,0.0,12.0
-14,-14,8.985682831986535,0,-1,0.0,12.0
-4,0,3.1473946638340915,1,-1,0.0,9.0
25,33,6.032511518880125,1,-1,0.0,4.0
-26,-19,10.906799202098318,0,0,0.0,16.0
13,14,2.066329744048863,1,-1,0.0,6.0
19,27,0.9844078776109061,1,-1,0.0,4.0
18,28,11.208048608015451,1,1,0.0,3.0
2,2,7.012796509081568,0,0,0.0,7.0
9,14,12.471886148138541,1,0,0.0,6.0
-10,-6,6.453065572388336,1,1,0.0,11.0
-16,-8,12.179052060162272,1,1,0.0,12.0
10,18,13.780810803230889,1,-1,0.0,7.0
-7,-7,7.86876326665438,1,-1,0.0,13.0
-5,0,9.050438989922014,0,-1,0.0,8.0
2,8,11.138998294682292,1,-1,0.0,9.0
28,32,14.24813697598811,0,0,0.0,3.0
-14,-5,7.493902968713692,1,1,0.0,11.0
24,26,6.865982060387786,0,0,0.0,2.0
4,14,8.08607157467376,1,-1,0.0,6.0
4,7,2.5801966899472517,1,1,0.0,6.0
-21,-20,7.948299786226752,1,1,0.0,15.0
-4,-3,14.989838249852617,1,0,0.0,9.0
-14,-9,9.317403524493567,0,1,0.0,10.0
10,16,9.49771741550787,1,0,0.0,5.0
17,17,0.3180667083851657,0,-1,0.0,5.0
-3,-3,2.2291427671533537,1,1,0.0,7.0
29,30,2.298499109516075,0,0,0.0,2.0
26,35,4.176232517265658,0,1,0.0,1.0
24,30,10.848548489010062,1,0,0.0,4.0
2,2,1.945409484910442,1,-1,0.0,9.0
29,29,6.247708410048068,0,0,0.0,2.0
-20,-16,6.259426283991126,1,-1,0.0,17.0
9,10,10.319504625502743,1,-1,0.0,9.0
-9,-2,5.823196461604896,0,-1,0.0,8.0
4,10,10.100523880644646,1,1,0.0,7.0
11,17,11.89768366258736,1,1,0.0,5.0
-22,-17,5.304112815400224,0,-1,0.0,16.0
-22,-17,6.761146656530591,0,0,0.0,15.0
5,9,2.5048077203312538,0,0,0.0,6.0
6,10,9.824017744749895,0,0,0.0,6.0
11,14,3.1398174906462204,0,-1,0.0,5.0
17,25,10.62539959554963,1,1,0.0,3.0
-8,-3,13.040357049796405,0,1,0.0,7.0
-6,3,3.691937235282285,0,1,0.0,6.0
-8,-1,14.186528412244474,1,1,0.0,8.0
27,34,6.969584105847667,0,1,0.0,1.0
-21,-15,4.004673291781452,1,1,0.0,15.0
-3,-2,14.289636432843691,1,1,0.0,8.0
27,27,4.53966058051278,0,1,0.0,1.0
8,13,0.5582474756278238,1,0,0.0,5.0
-6,2,1.6389424949932563,1,-1,0.0,9.0
6,9,2.4474252076377985,1,-1,0.0,8.0
-12,-10,13.917306881495525,0,0,0.0,12.0
-18,-18,0.5596727746328972,0,0,0.0,15.0
-1,6,6.690030706582459,1,-1,0.0,8.0
23,24,0.03716294233911066,1,1,0.0,2.0
7,11,14.445140092825024,1,0,0.0,6.0
-3,1,3.9100890565044932,1,-1,0.0,9.0
12,22,4.385633206940801,1,1,0.0,2.0
7,12,8.316143310504268,0,0,0.0,4.0
-22,-15,3.028577983977823,1,1,0.0,15.0
-3,6,13.183875652243739,0,1,0.0,6.0
12,22,1.2050205520426982,1,0,0.0,3.0
8,18,12.696722034205866,1,0,0.0,6.0
-19,-16,9.97456057021278,0,1,0.0,14.0
26,35,3.3637898836129914,0,1,0.0,1.0
-25,-20,4.365700907598923,0,0,0.0,15.0
-4,4,13.379220132880647,1,-1,0.0,9.0
10,18,5.492966014492319,1,-1,0.0,6.0
-2,5,12.7428907127009,1,1,0.0,7.0
11,15,13.41323728372609,1,1,0.0,5.0
-18,-9,0.18091422781528033,0,-1,0.0,12.0
19,24,4.138842600865486,1,0,0.0,3.0
-8,-5,5.754784892699973,1,0,0.0,12.0
23,32,12.470197232836655,0,-1,0.0,4.0
14,15,13.03696114184164,1,0,0.0,6.0
4,6,0.006593566552218766,1,0,0.0,7.0
31,32,9.940446084252036,1,1,0.0,2.0
-20,-13,4.042094158668277,0,1,0.0,10.0
32,33,13.111243098839692,1,1,0.0,3.0
-27,-20,11.279378771140864,0,1,0.0,15.0
-19,-13,7.920839475722413,1,-1,0.0,13.0
-9,-9,12.4195760079555,0,-1,0.0,13.0
-19,-18,10.295729540523077,1,1,0.0,16.0
11,13,8.34522348833472,0,-1,0.0,5.0
26,31,5.965709332635846,1,1,0.0,2.0
-8,2,5.808970614047873,0,1,0.0,6.0
-13,-13,13.402326621397565,1,-1,0.0,14.0
0,10,5.8507468583158335,0,-1,0.0,7.0
4,4,14.199316927899709,0,-1,0.0,8.0
-12,-2,10.988332549204502,1,1,0.0,8.0
-24,-20,12.059331658333381,1,1,0.0,16.0
26,26,0.7495032142689018,0,1,0.0,1.0
29,31,2.2093372058532634,1,-1,0.0,4.0
-2,-2,13.558227148736671,1,-1,0.0,10.0
-7,-1,6.745752399774346,1,-1,0.0,9.0
24,31,8.29746741869496,1,1,0.0,2.0
31,31,10.496513531715662,0,0,0.0,3.0
28,30,2.880799731234846,1,1,0.0,2.0
33,33,11.918902483425832,1,-1,0.0,5.0
16,26,6.06990074967762,0,0,0.0,2.0
-27,-20,0.8017959502718558,1,-1,0.0,17.0
-19,-14,9.801015158684086,1,1,0.0,11.0
-8,-7,6.522378588624126,1,1,0.0,11.0
3,7,0.02163040285943829,1,-1,0.0,8.0
-7,-5,14.941275406285877,1,0,0.0,13.0
-7,-5,14.819776398678568,1,-1,0.0,14.0
-10,-1,11.333023416184428,1,1,0.0,8.0
3,4,4.750595713554555,1,0,0.0,7.0
4,8,4.276710251219129,0,1,0.0,5.0
-18,-15,6.096409145446129,1,1,0.0,15.0
20,24,7.862919639479426,1,0,0.0,3.0
-22,-15,4.9302212854142775,0,0,0.0,15.0
30,34,6.069338809371776,1,-1,0.0,4.0
-6,0,14.920073078302876,1,1,0.0,8.0
-22,-20,14.787316627300024,1,0,0.0,17.0
2,8,10.55667472561825,0,0,0.0,7.0
4,4,1.7674682601893987,0,0,0.0,6.0
9,15,4.594902193349204,0,-1,0.0,5.0
18,18,5.453872050430003,0,1,0.0,3.0
0,3,3.9584040200984907,0,-1,0.0,8.0
12,13,13.415748904863399,0,-1,0.0,6.0
23,30,0.5713673167879579,0,0,0.0,2.0
-12,-5,13.615548233301379,0,1,0.0,11.0
25,32,8.80080589125869,0,1,0.0,1.0
14,19,4.009379382605897,0,0,0.0,2.0
-4,0,14.073983380683062,0,0,0.0,8.0
-1,7,3.9430125590165437,0,1,0.0,5.0
23,29,1.3213267600525136,0,-1,0.0,3.0
-10,-10,8.878715841691825,0,1,0.0,10.0
9,14,11.417894160194669,1,1,0.0,5.0
-18,-8,9.688112558229978,1,0,0.0,12.0
16,18,2.2770215232976847,0,0,0.0,4.0
-2,-2,5.341229888071945,0,-1,0.0,8.0
20,21,2.90748369721417,0,0,0.0,2.0
20,28,12.969654451076153,1,-1,0.0,5.0
30,34,2.5887086305327696,0,0,0.0,2.0
-21,-19,2.3756746969105507,1,-1,0.0,17.0
-12,-3,11.422121003270975,0,-1,0.0,9.0
-29,-19,6.2535675489806,0,1,0.0,14.0
3,7,14.95347623897513,1,-1,0.0,9.0
-4,3,11.860599842891265,0,-1,0.0,9.0
-14,-13,7.557208788287363,1,0,0.0,12.0
-20,-14,12.34478573122935,1,-1,0.0,14.0
-23,-13,5.870953009777287,1,1,0.0,11.0
-27,-18,10.573368288655844,1,1,0.0,16.0
-6,-3,11.068600626314144,1,0,0.0,9.0
24,26,4.854585978334535,0,1,0.0,1.0
10,12,6.645720008115957,1,1,0.0,4.0
-4,2,3.3628119658718862,1,-1,0.0,9.0
-14,-8,11.877499630337379,1,1,0.0,12.0
-7,3,12.284713073945158,0,0,0.0,8.0
5,10,14.420516703824584,1,-1,0.0,9.0
-26,-19,1.1989455874288142,1,0,0.0,16.0
14,16,4.130997182881097,1,1,0.0,4.0
29,32,6.517271641613235,1,-1,0.0,4.0
29,31,1.5162337647352837,0,0,0.0,2.0
-12,-2,3.8927092060406503,0,0,0.0,7.0
9,12,7.204553664591467,0,0,0.0,4.0
16,18,8.950048469316778,0,-1,0.0,5.0
-13,-13,9.365243626027521,1,0,0.0,12.0
-3,3,5.8961406184763945,0,-1,0.0,8.0
-21,-17,10.938953169969015,0,-1,0.0,17.0
5,11,0.4503872267587483,0,0,0.0,4.0
20,20,3.7992341770611504,0,0,0.0,2.0
14,22,3.1515546364798297,1,1,0.0,2.0
24,30,8.07817382950744,1,1,0.0,2.0
-14,-7,6.448041781848883,0,1,0.0,10.0
23,27,10.65090178590291,0,-1,0.0,4.0
8,13,2.1690024906352425,1,-1,0.0,6.0
22,30,1.9863183110170874,0,0,0.0,2.0
0,7,2.7602180711233415,0,0,0.0,6.0
-1,3,6.747168251651219,0,-1,0.0,8.0
5,7,7.012155561247091,1,-1,0.0,8.0
3,13,5.431149941049268,0,-1,0.0,5.0
-5,4,10.467461453400698,0,1,0.0,6.0
-16,-8,8.270320336012174,0,-1,0.0,12.0
11,19,5.307350260989837,1,1,0.0,2.0
12,15,4.343384800573798,1,0,0.0,5.0
4,4,7.467107321249507,0,-1,0.0,7.0
11,14,4.001587779607359,1,-1,0.0,6.0
-16,-14,1.2738302893406788,0,1,0.0,10.0
17,26,2.5318001686055807,0,1,0.0,1.0
-14,-7,12.866421169535172,0,-1,0.0,13.0
17,24,12.534086147299536,0,1,0.0,2.0
11,14,11.961616569928296,1,-1,0.0,7.0
13,16,14.103683427059861,0,-1,0.0,6.0
-19,-14,7.840438568094148,1,-1,0.0,13.0
13,13,0.24162576602088925,1,1,0.0,4.0
-18,-12,6.400220407788915,0,1,0.0,10.0
18,18,14.772432193546734,1,0,0.0,6.0
-3,3,11.656846750118243,0,0,0.0,8.0
3,11,10.748782130871648,1,-1,0.0,7.0
21,31,7.481633559978778,1,1,0.0,2.0
-6,3,10.392575075667946,0,0,0.0,8.0
-10,0,1.3134330529771314,0,-1,0.0,8.0
20,30,6.0163770096497995,0,-1,0.0,3.0
-16,-7,3.529791597675502,1,0,0.0,12.0
-8,-7,4.172253364249957,1,-1,0.0,13.0
30,30,8.101932278363842,0,1,0.0,1.0
-4,4,5.460558162633397,0,0,0.0,6.0
9,15,12.246312547264557,1,1,0.0,5.0
4,6,1.5168977289595849,1,1,0.0,6.0
25,35,8.922361408694362,1,-1,0.0,4.0
22,25,9.939840589505865,0,0,0.0,2.0
4,5,0.5311019368819486,1,1,0.0,6.0
-20,-17,14.786264626040008,1,-1,0.0,18.0
-16,-16,12.972265469132635,0,-1,0.0,17.0
-4,5,0.6850699332290205,0,1,0.0,5.0
-12,-6,1.533350647331132,1,0,0.0,12.0
-16,-12,7.441889385587476,1,1,0.0,11.0
33,35,2.127834025456783,0,1,0.0,1.0
-24,-15,12.27818839751182,1,-1,0.0,18.0
8,15,7.816459132236282,0,-1,0.0,5.0
9,12,11.457217527660518,1,0,0.0,6.0
3,6,11.341282281160604,0,0,0.0,7.0
6,15,3.415844847695663,1,-1,0.0,6.0
-5,3,9.41722700559959,1,0,0.0,8.0
0,10,10.19615488960723,0,0,0.0,7.0
19,29,11.014765523937227,1,0,0.0,4.0
0,10,1.3700488963783668,0,0,0.0,6.0
11,18,11.243298851247488,0,1,0.0,4.0
6,12,7.82071139024988,1,1,0.0,4.0
15,19,0.9494747904369466,0,0,0.0,2.0
-23,-18,5.449434505451326,1,-1,0.0,17.0
4,6,4.363877408257194,1,0,0.0,7.0
-20,-14,3.7876316011123565,0,-1,0.0,12.0
-9,0,8.959016670339514,0,0,0.0,7.0
27,30,0.6219394443827875,0,-1,0.0,3.0
-10,-10,12.111736581402312,1,-1,0.0,14.0
23,25,8.705406170550837,1,-1,0.0,4.0
14,20,12.797903270938596,0,0,0.0,3.0
24,31,5.871008379287981,1,1,0.0,2.0
-20,-13,12.292012692758192,0,-1,0.0,13.0
21,24,12.300878402465566,0,-1,0.0,4.0
3,9,9.643809024020559,0,1,0.0,5.0
5,9,3.866534209102351,1,0,0.0,7.0
-26,-17,8.526183273555402,0,-1,0.0,16.0
12,12,9.28110316116954,1,0,0.0,5.0
-9,-6,8.43395528624727,1,1,0.0,11.0
2,9,14.939316659875333,0,-1,0.0,8.0
28,31,6.573711951486944,1,-1,0.0,4.0
2,10,1.6554568149358544,0,1,0.0,5.0
-2,2,3.3031073753293203,0,-1,0.0,8.0
16,16,11.986640908207631,1,0,0.0,6.0
10,19,8.661376123704636,1,-1,0.0,4.0
-13,-8,1.2357703695661808,1,0,0.0,12.0
-19,-9,14.771608677793179,1,0,0.0,13.0
-3,1,6.4764020302431655,1,0,0.0,8.0
9,9,6.189219529937939,0,-1,0.0,7.0
-20,-19,12.95768640706777,0,0,0.0,16.0
-25,-20,10.752909084315212,1,0,0.0,17.0
3,9,5.638030845800138,1,0,0.0,7.0
-3,2,10.075363398140208,0,1,0.0,7.0
33,33,0.24327793161954714,0,1,0.0,1.0
-12,-4,0.1690314774785684,0,0,0.0,7.0
24,29,14.509405340059775,0,-1,0.0,4.0
31,32,2.8886028769427146,1,1,0.0,2.0
3,11,14.026795695623688,1,-1,0.0,7.0
6,7,3.6268888059456392,1,1,0.0,6.0
21,23,12.054414929988063,0,0,0.0,3.0
1,6,7.794182026087384,0,0,0.0,6.0
2,4,8.47893733467373,0,1,0.0,5.0
-21,-12,10.282186502332156,1,-1,0.0,14.0
10,16,10.179629922834522,0,-1,0.0,6.0
-26,-19,3.312281975886995,1,-1,0.0,17.0
12,20,9.906873371308466,1,0,0.0,3.0
19,24,2.911241430365635,0,-1,0.0,3.0
-22,-17,9.982500037023009,1,-1,0.0,17.0
-15,-14,1.5684000003747482,0,0,0.0,11.0
-4,6,9.727450545160664,1,0,0.0,7.0
-11,-9,8.833107204841056,0,0,0.0,11.0
6,10,2.832080381316209,0,-1,0.0,7.0
-11,-6,6.008967865365551,1,-1,0.0,13.0
10,19,7.332380929685429,0,0,0.0,2.0
24,32,14.498457123251088,0,-1,0.0,4.0
13,19,3.866201277946094,0,1,0.0,1.0
24,25,8.398108265776292,0,0,0.0,2.0
-22,-14,13.388254408080853,0,1,0.0,11.0
22,27,10.248531186311432,1,0,0.0,4.0
34,34,7.069382308815281,0,-1,0.0,3.0
15,21,7.346083233980279,0,0,0.0,2.0
7,7,8.854048320159341,1,-1,0.0,8.0
-15,-13,1.4824300451653967,1,0,0.0,12.0
16,23,14.71473537549628,1,1,0.0,3.0
15,24,1.7368146551353525,1,1,0.0,2.0
-20,-19,3.511210420100295,0,1,0.0,14.0
30,32,5.013105841160204,0,-1,0.0,3.0
18,21,4.099046499399206,1,0,0.0,3.0
19,27,11.905200263752402,0,1,0.0,2.0
1,3,9.775492321474982,0,0,0.0,7.0
-29,-19,6.261521102985679,1,0,0.0,16.0
-4,5,8.419460615288942,0,0,0.0,6.0
-11,-9,8.799107818956577,1,-1,0.0,13.0
17,18,6.302140438143256,0,0,0.0,4.0
0,5,13.877690325673688,0,0,0.0,7.0
28,28,1.3013661514072323,1,0,0.0,3.0
25,32,13.704813789554354,1,0,0.0,4.0
12,14,10.838907333382833,0,0,0.0,5.0
-16,-13,13.487908461345851,0,1,0.0,11.0
11,13,5.380744127198267,1,0,0.0,5.0
-2,3,12.638188894242326,1,-1,0.0,10.0
-27,-20,1.374552293887637,0,1,0.0,14.0
17,27,8.812142099351322,0,-1,0.0,3.0
-18,-8,5.892066717488776,1,-1,0.0,13.0
9,9,9.999793623378654,1,0,0.0,7.0
29,29,4.866855416694735,0,0,0.0,2.0
24,25,4.00355278323982,1,0,0.0,3.0
26,27,13.995089911831277,0,-1,0.0,4.0
-19,-9,7.515238286454838,0,-1,0.0,12.0
29,32,13.49957653326192,1,1,0.0,3.0
-6,4,8.055686852286385,1,0,0.0,7.0
27,34,8.103994992829959,1,1,0.0,2.0
5,13,13.093761423915003,0,-1,0.0,6.0
-7,2,6.609618611436236,1,0,0.0,8.0
1,9,8.178884418364863,0,0,0.0,6.0
-16,-7,7.86423547444083,0,-1,0.0,12.0
1,3,8.784686199475514,0,1,0.0,6.0
16,17,11.527646239817726,1,0,0.0,6.0
14,23,13.866580930654573,0,1,0.0,2.0
-16,-12,11.3612992042034,1,1,0.0,12.0
3,3,3.47443294349268,0,-1,0.0,8.0
-16,-11,7.044729582753502,0,0,0.0,11.0
-5,-1,3.0829293748147517,1,1,0.0,7.0
2,11,13.89387878755982,0,-1,0.0,6.0
-18,-13,3.210728949295603,1,-1,0.0,13.0
13,15,0.45463176553555584,1,0,0.0,5.0
29,33,7.15570260145955,0,-1,0.0,3.0
30,35,9.4564261407402,0,0,0.0,2.0
-18,-8,11.817400584428853,1,1,0.0,12.0
27,33,12.037243050802287,1,0,0.0,4.0
-17,-9,2.970000629179273,1,1,0.0,11.0
-15,-8,5.2388519857328815,1,0,0.0,12.0
-17,-14,0.9897444249138998,0,-1,0.0,12.0
-7,-4,5.479828725351692,0,1,0.0,6.0
23,28,10.89078543561982,1,1,0.0,3.0
32,33,11.868963995505345,1,0,0.0,4.0
17,20,2.7543715513384077,0,-1,0.0,3.0
-11,-2,8.667428800131598,0,-1,0.0,8.0
-19,-16,8.573515080562025,0,-1,0.0,16.0
29,34,7.03879219972449,0,1,0.0,1.0
31,35,11.185306228074376,1,0,0.0,4.0
-13,-6,5.342206397555448,0,0,0.0,11.0
1,10,10.624224400182623,1,0,0.0,8.0
4,10,11.378066420772935,0,0,0.0,7.0
-26,-18,6.910804271348973,0,-1,0.0,16.0
18,23,10.467281037722827,0,1,0.0,2.0
12,18,7.073884556592014,0,1,0.0,3.0
-27,-18,4.029589545488965,1,-1,0.0,17.0
24,34,14.433978499540169,1,0,0.0,4.0
-21,-12,9.095486072111427,1,1,0.0,11.0
23,24,12.780679239459438,1,-1,0.0,5.0
-19,-14,9.089792281269448,0,1,0.0,10.0
-13,-13,9.995280294900526,1,-1,0.0,13.0
29,30,5.449373010798299,1,0,0.0,3.0
10,14,8.103662050607726,1,0,0.0,5.0
-16,-11,6.048925377749555,1,0,0.0,12.0
-17,-16,13.131635677982562,0,-1,0.0,17.0
-15,-9,0.12558217240758784,0,1,0.0,10.0
27,33,4.9091959797511615,1,-1,0.0,4.0
12,18,3.9145618770413195,1,-1,0.0,6.0
-11,-8,6.182640014498729,1,0,0.0,12.0
17,25,6.490656179392878,0,-1,0.0,3.0
-5,-1,13.793324755014314,0,1,0.0,7.0
13,15,14.150975818383088,1,-1,0.0,7.0
20,22,3.9170074772695633,0,0,0.0,2.0
3,3,5.412440155812405,0,0,0.0,7.0
14,14,14.919014063684694,1,1,0.0,5.0
-20,-10,4.8518916364134395,1,0,0.0,12.0
12,20,11.445976830393626,1,0,0.0,4.0
7,12,11.00139057155699,0,-1,0.0,6.0
-16,-11,11.883496971426117,1,0,0.0,13.0
7,11,3.5957211789728456,1,0,0.0,5.0
29,34,11.904332011325018,0,1,0.0,2.0
5,11,4.13625475238802,0,-1,0.0,5.0
29,30,6.505006486576069,1,1,0.0,2.0
-11,-2,14.60301553940515,1,1,0.0,8.0
12,19,9.999808869693384,1,1,0.0,2.0
-8,1,11.964809814126513,0,1,0.0,7.0
-22,-14,10.24641962476104,1,-1,0.0,14.0
-26,-16,11.715785926491336,1,0,0.0,17.0
-20,-18,12.07912089970048,1,1,0.0,16.0
-15,-10,11.018722084101437,0,1,0.0,11.0
-4,1,3.981615222078028,0,0,0.0,7.0
10,16,3.630793495127436,0,0,0.0,4.0
5,14,8.521344380000183,0,0,0.0,4.0
24,27,9.87586604606269,0,0,0.0,2.0
-9,-7,14.124024839643214,1,-1,0.0,14.0
-18,-14,10.175079802472085,1,0,0.0,13.0
-13,-6,6.922877821411782,0,0,0.0,11.0
-2,-2,11.317958556682681,0,1,0.0,7.0
22,22,0.9617350457202412,0,0,0.0,2.0
-13,-7,2.612298946480334,1,1,0.0,11.0
14,19,13.18905230549555,0,1,0.0,2.0
-30,-20,1.7319530728765669,0,-1,0.0,16.0
24,33,10.360954101718974,1,1,0.0,3.0
-16,-10,10.25758356679372,0,-1,0.0,13.0
22,31,10.626684175360587,1,0,0.0,4.0
19,22,7.893352321277164,1,-1,0.0,4.0
3,13,2.941206720899201,1,0,0.0,5.0
19,19,5.917431938114196,0,0,0.0,2.0
4,10,13.880894012701383,0,1,0.0,6.0
2,2,5.225935780265852,0,0,0.0,7.0
-9,-3,4.886124950971345,1,1,0.0,7.0
29,34,10.2444015153159,1,1,0.0,3.0
-1,6,1.1975953721219978,0,0,0.0,6.0
8,17,2.895992178570866,1,1,0.0,4.0
-20,-13,5.272352648168427,1,1,0.0,11.0
-17,-12,12.184253348770259,0,-1,0.0,13.0
1,8,2.753818061330869,1,1,0.0,6.0
9,17,14.763759489340423,1,-1,0.0,7.0
7,7,10.368010937183522,0,-1,0.0,8.0
5,8,11.64073943797205,0,-1,0.0,8.0
23,28,11.793713749950012,0,1,0.0,2.0
20,26,5.447669626230613,1,1,0.0,2.0
15,15,13.277519246537125,0,-1,0.0,6.0
-10,-8,12.667322917306983,1,1,0.0,12.0
-16,-10,10.529342487389327,1,0,0.0,13.0
32,35,7.787204348187889,0,0,0.0,2.0
-8,-2,14.089592006815328,0,0,0.0,8.0
-25,-20,10.89077582126579,0,1,0.0,15.0
0,2,12.44777381936614,1,1,0.0,8.0
4,14,6.155497623350681,1,0,0.0,5.0
-23,-16,0.2341299718974188,1,1,0.0,15.0
12,14,1.299999503460159,0,-1,0.0,5.0
11,11,7.694250759510799,0,-1,0.0,5.0
28,34,3.832048998170042,1,1,0.0,2.0
-19,-9,1.4331625690891192,0,1,0.0,10.0
-28,-19,4.979793958843734,0,0,0.0,15.0
-4,3,13.459767002179117,0,-1,0.0,9.0
-8,1,10.753423649023622,1,0,0.0,9.0
-17,-15,9.625290469843971,0,-1,0.0,16.0
-12,-5,8.088844319050212,1,-1,0.0,13.0
28,32,3.8841010298227547,1,1,0.0,2.0
29,35,3.0474036966717737,1,-1,0.0,4.0
-21,-18,13.1584186786986,0,-1,0.0,17.0
-14,-10,1.4325572731458363,1,1,0.0,11.0
20,27,5.873993760715404,1,1,0.0,2.0
2,6,10.186656250018245,0,-1,0.0,8.0
-6,-1,0.7971875890165125,1,1,0.0,7.0
17,24,4.8369474940523585,1,-1,0.0,4.0
-5,-2,4.626912906760045,0,-1,0.0,8.0
26,32,12.947947423645939,1,-1,0.0,5.0
25,27,3.017564461897096,0,0,0.0,2.0
-5,5,12.760313404290727,0,-1,0.0,8.0
-13,-12,8.285803031572406,0,-1,0.0,12.0
27,34,2.3203888538898654,0,0,0.0,2.0
26,28,3.458051418165721,1,0,0.0,3.0
-20,-16,8.72965938291351,1,-1,0.0,17.0
5,15,0.25636773093313747,0,1,0.0,3.0
-16,-7,10.62928270289537,0,0,0.0,12.0
8,18,4.0073260246091085,1,0,0.0,5.0
12,18,13.770402505094587,0,1,0.0,4.0
-6,-4,10.72721492813931,0,1,0.0,7.0
3,9,7.392271484631121,0,-1,0.0,7.0
21,25,12.985590304687754,1,0,0.0,4.0
19,19,3.5323427329128125,1,0,0.0,3.0
21,26,12.909316615752646,1,0,0.0,4.0
23,33,6.613636295524062,0,0,0.0,2.0
12,17,12.710620243847277,0,-1,0.0,6.0
-3,3,5.900669339452288,0,-1,0.0,8.0
31,35,4.544151207145831,0,0,0.0,2.0
11,16,14.293291271401719,1,-1,0.0,7.0
-3,5,6.7773398857677005,0,-1,0.0,7.0
5,7,0.4878340674932613,1,-1,0.0,8.0
2,9,3.553418479241786,1,0,0.0,7.0
4,10,8.284558947711233,1,0,0.0,7.0
1,3,0.981970880879382,1,1,0.0,7.0
3,3,2.4426912516132204,1,-1,0.0,9.0
26,34,0.8837903675950642,1,1,0.0,2.0
2,9,5.112061846618731,0,0,0.0,6.0
3,11,6.30206472084382,0,1,0.0,3.0
-15,-12,3.96429409801192,0,0,0.0,11.0
20,30,3.5415254264449776,1,0,0.0,3.0
1,10,9.030480825550606,1,0,0.0,7.0
-3,1,4.7482343423074695,1,-1,0.0,9.0
-7,-6,13.244489307995137,1,0,0.0,13.0
30,34,0.08762279811286022,1,1,0.0,2.0
-4,-2,13.108518276044927,0,-1,0.0,9.0
-12,-12,5.4308473813174,1,-1,0.0,13.0
3,5,6.990830198144045,1,1,0.0,6.0
14,18,11.927101512141919,0,0,0.0,5.0
24,28,1.3591400970002576,0,1,0.0,1.0
32,33,4.66236942970651,1,0,0.0,3.0
-4,3,3.1882392458950286,1,-1,0.0,9.0
-14,-13,6.507459571957119,0,0,0.0,11.0
24,30,5.6286485428777375,1,-1,0.0,4.0
-4,5,10.933984826561328,1,0,0.0,8.0
22,26,14.781394606447988,0,1,0.0,2.0
27,35,2.080485456918027,1,0,0.0,3.0
-4,2,9.805420165898097,1,-1,0.0,9.0
-11,-5,8.65196916792732,0,0,0.0,11.0
19,21,13.482610037505566,1,0,0.0,4.0
20,25,13.791626316179698,1,-1,0.0,5.0
-5,1,13.759985337049933,1,1,0.0,8.0
-5,-3,14.62616920831632,1,-1,0.0,10.0
11,14,5.915402519948169,0,-1,0.0,5.0
16,20,9.561950786886042,1,1,0.0,2.0
6,9,7.1347459886798275,1,1,0.0,6.0
25,28,7.555735737166836,1,-1,0.0,4.0
11,19,0.09434982546179638,0,-1,0.0,3.0
11,21,12.93934525547835,0,-1,0.0,4.0
7,14,10.33327879335678,0,1,0.0,4.0
14,16,11.43929405600813,0,0,0.0,5.0
-23,-18,10.968872021605328,0,0,0.0,16.0
-12,-11,5.318953156272868,1,-1,0.0,13.0
-13,-10,5.337572116043359,1,0,0.0,12.0
-26,-16,11.363559460497967,0,-1,0.0,17.0
-3,-1,2.7355596476587474,0,0,0.0,7.0
8,13,10.896343759353769,1,-1,0.0,7.0
5,10,10.712702690079382,1,-1,0.0,9.0
21,31,8.909931165066165,1,0,0.0,3.0
-15,-8,11.782140840926274,0,-1,0.0,13.0
13,13,2.560676911415465,1,0,0.0,5.0
-3,3,8.003096179124794,1,0,0.0,8.0
10,18,3.0851752557304395,1,-1,0.0,6.0
7,11,1.890147036933847,1,-1,0.0,6.0
-2,6,7.78700428616027,0,0,0.0,6.0
-3,1,8.080445083223479,0,-1,0.0,8.0
-4,-1,13.165452138687762,1,1,0.0,8.0
21,30,12.541057905744063,1,1,0.0,3.0
-22,-13,12.520298762881625,1,1,0.0,12.0
35,35,13.206738598769462,0,-1,0.0,4.0
-20,-19,5.754495659396093,1,0,0.0,16.0
-26,-19,1.4608574651038113,1,-1,0.0,17.0
0,6,6.4688722864328705,0,1,0.0,5.0
-10,-10,2.6662446105370687,0,1,0.0,10.0
17,22,7.715682653880047,0,1,0.0,1.0
-24,-20,6.908191492191015,0,0,0.0,15.0
2,2,14.365870998727008,1,0,0.0,9.0
9,19,10.072401655305411,0,1,0.0,2.0
-6,-3,1.9901576584431098,1,-1,0.0,9.0
-26,-17,4.121583613875872,0,-1,0.0,16.0
-11,-1,14.802739537621816,0,1,0.0,7.0
16,22,3.346201671465482,1,-1,0.0,4.0
30,30,11.37765165032515,1,0,0.0,4.0
22,28,6.65558807596628,1,-1,0.0,4.0
-2,-2,13.46760606132752,0,-1,0.0,9.0
32,33,1.9607502039473097,1,1,0.0,2.0
-2,6,12.382004476121484,1,1,0.0,7.0
-3,0,3.3873400954388795,0,1,0.0,6.0
-24,-17,0.6092021033939832,0,0,0.0,15.0
8,16,0.14132672162511573,0,1,0.0,3.0
16,21,3.490711197474771,1,-1,0.0,4.0
-20,-16,3.876566010298595,1,1,0.0,15.0
20,22,7.749168882434551,1,0,0.0,3.0
17,22,12.304468322330074,1,-1,0.0,5.0
23,31,7.735162564902387,0,1,0.0,1.0
23,30,8.865583721855948,0,0,0.0,2.0
1,1,0.4872070592146871,1,-1,0.0,9.0
-17,-14,7.250783524974019,0,0,0.0,11.0
-11,-4,4.587580147712458,1,-1,0.0,9.0
15,15,2.8993841647948577,0,-1,0.0,5.0
-13,-4,9.382228330870056,0,1,0.0,6.0
6,12,10.813549344413147,0,1,0.0,4.0
-15,-15,13.593650030289584,1,1,0.0,16.0
16,25,10.980627037952717,0,-1,0.0,4.0
-20,-15,6.89181547777586,1,-1,0.0,17.0
9,19,11.643767618379695,0,0,0.0,3.0
-12,-6,1.5134974939362866,1,0,0.0,12.0
-27,-18,10.103582561662488,0,0,0.0,16.0
24,25,5.623720350526382,1,1,0.0,2.0
15,18,5.142676669764102,1,1,0.0,4.0
-12,-2,5.824548180689659,0,0,0.0,7.0
9,19,11.445399290126694,1,0,0.0,4.0
-11,-4,4.125559878350826,0,1,0.0,6.0
5,6,3.7535924970659647,1,0,0.0,7.0
0,8,11.451353580682659,0,0,0.0,7.0
17,25,11.368292601506251,1,0,0.0,4.0
1,4,4.110608369206582,0,0,0.0,6.0
24,27,9.738486531119179,1,-1,0.0,4.0
1,3,2.384849890902683,1,1,0.0,7.0
16,18,10.82040007028243,1,1,0.0,5.0
17,19,11.934946123785188,0,-1,0.0,4.0
-19,-19,0.38508961994165036,0,-1,0.0,16.0
-19,-14,4.577846682514078,0,1,0.0,10.0
-19,-12,13.094460903015186,1,-1,0.0,14.0
-20,-12,7.929199678933791,0,0,0.0,11.0
3,6,14.734006773900987,0,0,0.0,7.0
10,12,3.913288656446616,0,0,0.0,4.0
6,15,14.056818954889788,0,0,0.0,5.0
16,24,2.403701147273791,0,-1,0.0,3.0
22,23,1.7153615241752256,1,1,0.0,2.0
27,29,11.247092800939981,0,-1,0.0,4.0
-15,-9,4.013143994039398,0,0,0.0,11.0
8,17,7.71730082222697,1,1,0.0,4.0
-10,-9,1.1574632878962037,1,-1,0.0,13.0
-11,-3,4.435242789483123,1,0,0.0,8.0
25,31,2.9941466055646697,1,1,0.0,2.0
1,6,8.709965782427556,1,-1,0.0,8.0
25,33,1.470727232251448,0,1,0.0,1.0
-18,-15,0.36977034144834,1,0,0.0,16.0
-19,-14,9.219632782614312,1,0,0.0,12.0
4,10,10.332470229523105,0,1,0.0,6.0
26,33,4.205223431831492,1,0,0.0,3.0
22,27,7.145547303884936,0,1,0.0,1.0
0,8,11.146581096368916,0,1,0.0,6.0
20,21,7.073265197833981,0,-1,0.0,3.0
11,11,0.3936583710103042,0,0,0.0,4.0
3,12,5.214591431568453,1,0,0.0,5.0
-30,-20,11.496349605999596,1,0,0.0,17.0
-22,-15,13.60580533866276,0,-1,0.0,17.0
-17,-12,10.374559290659539,1,-1,0.0,14.0
22,24,6.102358403731013,0,1,0.0,1.0
26,32,13.663765637002264,1,0,0.0,4.0
6,16,2.111135798936976,1,-1,0.0,6.0
29,30,1.8587517744574011,1,1,0.0,2.0
-14,-9,2.8347862921391362,0,0,0.0,11.0
-9,1,2.010478403889162,1,0,0.0,8.0
13,23,11.851807224339463,1,1,0.0,3.0
-18,-12,14.169393778429017,1,-1,0.0,14.0
-25,-20,4.6320367531358455,1,-1,0.0,17.0
-7,2,4.421953514980389,1,1,0.0,7.0
18,26,3.1463172476517354,1,1,0.0,2.0
22,26,11.205174819109121,0,-1,0.0,4.0
-18,-8,4.580554531465405,0,1,0.0,10.0
-8,-6,7.844130858610728,1,-1,0.0,13.0
-12,-10,3.121692698351753,1,0,0.0,12.0
26,28,2.5963420138733326,0,0,0.0,2.0
-25,-15,10.30942238577817,1,-1,0.0,18.0
21,23,1.988515866030377,0,1,0.0,1.0
22,26,10.135322643368701,1,-1,0.0,5.0
-17,-13,12.092513271806226,1,-1,0.0,14.0
20,29,3.6387326155966573,0,0,0.0,2.0
-5,5,8.633804747340424,1,-1,0.0,8.0
-2,0,8.148728642920327,1,0,0.0,8.0
4,5,10.304220288338211,1,0,0.0,8.0
-25,-20,2.0861296400514355,0,1,0.0,14.0
4,7,5.08363917971828,1,0,0.0,7.0
18,28,1.1240697581757353,0,1,0.0,1.0
20,20,14.375935063838677,1,1,0.0,3.0
-12,-4,11.409039247756393,0,0,0.0,8.0
-3,-3,9.572662259291151,0,-1,0.0,8.0
-20,-12,7.9293519398439205,1,1,0.0,11.0
-10,-5,5.398713026125789,1,0,0.0,12.0
16,26,11.242798220059914,1,1,0.0,3.0
-19,-12,1.9035451870983948,0,1,0.0,10.0
-10,0,14.99351714423512,1,-1,0.0,10.0
-10,-5,14.303836582694615,1,-1,0.0,14.0
20,26,2.3250151595409747,1,-1,0.0,4.0
11,14,5.810740081298351,0,-1,0.0,5.0
-18,-11,8.813298185078546,1,1,0.0,11.0
-19,-12,4.355811403146418,0,0,0.0,11.0
-22,-18,5.336642641130206,0,0,0.0,15.0
12,19,13.519812433367555,1,1,0.0,3.0
22,25,14.486927439439619,0,-1,0.0,4.0
3,9,10.78132211502279,1,0,0.0,8.0
25,28,4.3615495436104,1,1,0.0,2.0
-19,-9,0.007376033366096046,1,1,0.0,11.0
-1,3,1.762993670067459,1,-1,0.0,9.0
31,32,8.281607704447522,0,1,0.0,1.0
11,17,3.9272905957563156,1,0,0.0,5.0
-21,-17,6.3056861440456675,1,1,0.0,15.0
-10,-1,9.059053434690568,1,-1,0.0,9.0
-13,-12,3.523049034030634,1,0,0.0,12.0
9,17,11.058409642781333,0,1,0.0,4.0
-8,0,1.9727971728626803,0,1,0.0,6.0
-22,-12,8.011731169370854,0,-1,0.0,12.0
-15,-14,5.98532614968022,1,1,0.0,11.0
21,26,9.331629286758783,1,0,0.0,3.0
8,11,5.709298006334284,0,1,0.0,3.0
0,1,13.629927509508448,1,0,0.0,9.0
-1,3,10.205919908067697,0,0,0.0,8.0
-9,-8,12.546999766339404,0,-1,0.0,13.0
-17,-8,5.015732046043344,1,0,0.0,12.0
8,15,14.492848219350972,1,0,0.0,6.0
-1,1,11.520050859035093,0,1,0.0,7.0
14,20,11.89935340638412,1,1,0.0,3.0
0,1,0.714906312740804,1,-1,0.0,9.0
-10,-3,8.092988686196978,0,0,0.0,7.0
-25,-17,8.059693358110552,0,-1,0.0,16.0
-1,5,4.572818150241632,0,-1,0.0,7.0
-12,-9,14.698785486933442,0,1,0.0,11.0
21,29,9.975924743481952,1,0,0.0,3.0
-9,-6,7.3593443899972835,1,1,0.0,11.0
-26,-18,8.270080977472267,1,-1,0.0,17.0
5,11,9.510429105637847,0,0,0.0,4.0
-3,4,13.009376438842514,1,1,0.0,7.0
32,35,1.8376830320567565,0,1,0.0,1.0
-20,-20,10.734375718552627,1,0,0.0,17.0
17,18,10.013921584960716,0,1,0.0,4.0
-19,-12,14.339260000412825,0,1,0.0,11.0
26,35,2.298834190464863,0,0,0.0,2.0
-6,-4,4.734832508857147,0,-1,0.0,8.0
-6,-6,13.269154317785429,1,0,0.0,13.0
1,7,7.729441802965125,1,-1,0.0,8.0
-14,-4,0.5916112244899663,0,1,0.0,6.0
13,19,0.33900562919798205,0,-1,0.0,3.0
32,35,4.5919593436169555,1,0,0.0,3.0
9,18,4.015927858729588,0,-1,0.0,5.0
-2,5,1.321278660624012,1,-1,0.0,8.0
-5,1,9.308609271584064,1,-1,0.0,9.0
15,20,12.794687340342675,1,0,0.0,4.0
23,31,2.2474930392218933,0,1,0.0,1.0
13,18,13.788377939835408,1,0,0.0,6.0
-3,2,12.679701416460507,0,0,0.0,8.0
16,24,0.3660400313758555,1,1,0.0,2.0
14,17,4.427113690914202,1,0,0.0,5.0
4,7,11.467459142941834,0,0,0.0,7.0
18,27,2.104140717338128,1,0,0.0,3.0
-11,-4,14.22295996262846,1,0,0.0,9.0
1,10,7.982531091113937,0,1,0.0,5.0
24,34,8.690397442270722,1,0,0.0,3.0
-1,8,12.935058673476506,0,-1,0.0,8.0
19,29,9.999477182547466,0,-1,0.0,3.0
-13,-10,12.927110465478712,1,-1,0.0,14.0
-13,-10,9.003119533095653,0,1,0.0,10.0
-19,-12,3.395746512985597,0,1,0.0,10.0
4,14,12.528145201566678,1,-1,0.0,7.0
-14,-9,3.9644889851578364,0,0,0.0,11.0
17,26,2.17030998037779,0,-1,0.0,3.0
-1,5,14.21582735620023,1,-1,0.0,9.0
-13,-9,0.8922146346335647,1,0,0.0,12.0
-4,4,3.2154773817537663,1,-1,0.0,8.0
27,28,0.5002288732368959,0,0,0.0,2.0
-6,-2,8.972129465013538,1,1,0.0,7.0
-10,-3,10.916333497784732,1,-1,0.0,10.0
0,6,12.469044501691256,1,0,0.0,8.0
7,12,8.892152498945132,1,-1,0.0,6.0
26,33,12.802149669262151,1,0,0.0,4.0
30,30,4.025887292463363,1,0,0.0,3.0
21,26,14.7440625679127,1,-1,0.0,5.0
9,19,8.238273685171396,0,-1,0.0,3.0
10,14,12.417700628835666,1,-1,0.0,7.0
-4,-2,13.321811133213643,1,-1,0.0,10.0
10,12,8.556541662243552,1,0,0.0,5.0
26,31,0.2701851797029686,1,1,0.0,2.0
-10,-10,9.842220531994531,0,1,0.0,10.0
34,34,2.69963446660727,0,1,0.0,1.0
25,30,12.844014540112564,1,0,0.0,4.0
1,3,4.837927305728428,1,-1,0.0,9.0
26,32,13.622112376270653,1,-1,0.0,5.0
28,30,6.695607473013353,0,0,0.0,2.0
15,23,13.426571062639301,0,-1,0.0,4.0
3,5,14.651898794598688,1,1,0.0,7.0
13,21,13.871393871136727,1,1,0.0,3.0
12,22,12.570229411135973,0,0,0.0,3.0
10,15,1.5516639737480054,0,1,0.0,3.0
-21,-14,0.7794180358280345,0,-1,0.0,12.0
-7,-4,6.920386419791066,0,-1,0.0,8.0
-26,-20,11.582289279400337,0,0,0.0,16.0
1,1,4.173806551958556,0,-1,0.0,8.0
-19,-11,11.536928309964306,0,-1,0.0,13.0
13,18,4.946324276997877,0,0,0.0,4.0
8,17,12.3315676538278,1,-1,0.0,7.0
10,12,7.642729793259601,0,-1,0.0,5.0
19,22,10.657831756292259,0,-1,0.0,4.0
-15,-9,14.877372497739056,0,1,0.0,11.0
29,31,7.995160386893495,0,1,0.0,1.0
23,24,11.755918404576613,0,1,0.0,2.0
4,8,5.258783612655409,0,1,0.0,5.0
15,22,14.956382378017183,1,0,0.0,4.0
-7,1,2.055763047317763,0,-1,0.0,8.0
-24,-14,3.700102365353896,0,1,0.0,10.0
13,23,6.1437699390797205,1,-1,0.0,4.0
3,3,5.075179177359161,1,1,0.0,7.0
-7,-3,14.614908358053231,1,-1,0.0,10.0
7,12,13.949417079273866,0,0,0.0,5.0
31,33,1.3774081044985598,1,0,0.0,3.0
-9,-1,2.103625951336457,1,0,0.0,8.0
-13,-12,0.011553531853547017,0,1,0.0,10.0
-6,3,6.088361239419726,0,1,0.0,6.0
26,31,14.95856975344114,0,-1,0.0,4.0
25,29,8.377605237003653,1,-1,0.0,4.0
-18,-18,7.96335958779368,1,-1,0.0,17.0
-3,-1,14.189459633058956,1,0,0.0,9.0
-10,-7,7.641214423003824,0,1,0.0,10.0
-3,2,7.011860114796734,1,-1,0.0,9.0
22,30,14.667242988770957,0,-1,0.0,4.0
2,3,9.855333250799077,0,0,0.0,7.0
-15,-13,14.565803835848632,1,0,0.0,13.0
26,29,11.551304763768819,0,0,0.0,3.0
-1,9,6.0260542945253315,0,1,0.0,5.0
-26,-20,6.896061758406908,1,-1,0.0,17.0
31,33,14.457067941588786,1,0,0.0,4.0
-21,-13,6.804838858331385,1,0,0.0,12.0
-3,3,2.342507664505539,0,1,0.0,6.0
23,23,6.695746170141319,0,0,0.0,2.0
11,12,1.1097203180116804,0,-1,0.0,5.0
-13,-6,7.257584906502747,1,1,0.0,11.0
16,25,11.444815918422313,1,1,0.0,3.0
-25,-15,5.576474396504737,1,-1,0.0,17.0
28,34,6.387419609772646,0,-1,0.0,3.0
-26,-16,8.470359763503254,0,0,0.0,15.0
7,16,5.981357670530399,0,0,0.0,4.0
5,12,6.142033682877648,1,0,0.0,5.0
5,13,2.034216301796608,0,1,0.0,3.0
-23,-19,13.080112290943921,1,0,0.0,17.0
9,12,11.650762438521042,1,1,0.0,5.0
0,2,4.592714781176714,1,-1,0.0,9.0
1,6,2.2199824725570516,1,0,0.0,7.0
-2,2,12.210501939247079,1,1,0.0,8.0
9,14,9.170622703941518,1,0,0.0,5.0
-18,-12,1.7101866881491146,1,0,0.0,12.0
-4,6,13.356447626217621,1,0,0.0,8.0
-7,-4,13.793123244579016,1,0,0.0,9.0
30,30,3.5647902668770164,0,1,0.0,1.0
-14,-9,11.141450318382166,0,-1,0.0,13.0
-3,4,3.4855038405988696,1,1,0.0,6.0
-2,-1,13.499148887782505,1,0,0.0,9.0
-15,-6,14.424121210442683,1,1,0.0,12.0
22,25,13.490165188266937,1,1,0.0,3.0
-10,-8,12.577596339799623,1,0,0.0,13.0
25,28,1.403146432972731,0,0,0.0,2.0
-3,-2,9.88710289499921,1,1,0.0,7.0
17,25,1.2531131927052308,1,-1,0.0,4.0
10,13,2.951857264951569,1,1,0.0,4.0
-11,-11,7.831147289310353,0,1,0.0,10.0
-3,7,9.977199815670293,0,0,0.0,6.0
33,35,2.899371867092433,1,1,0.0,2.0
-8,-7,13.918012120064128,0,-1,0.0,13.0
32,34,8.464798900126315,1,1,0.0,2.0
-9,-7,8.792954221118757,1,-1,0.0,13.0
27,30,3.1960706883245282,1,1,0.0,2.0
-19,-11,12.860391947962624,0,-1,0.0,13.0
12,22,5.431788186979621,1,0,0.0,3.0
-7,-4,0.34993566550299837,0,0,0.0,7.0
5,11,12.818029173563016,1,-1,0.0,7.0
-7,3,8.084587446914737,1,1,0.0,7.0
-10,-1,0.46450597175635655,0,1,0.0,6.0
-4,-1,4.773226022042226,1,0,0.0,8.0
-15,-12,14.051963637850735,1,1,0.0,12.0
4,9,4.934656437022072,1,1,0.0,6.0
5,5,11.878705514222105,0,0,0.0,7.0
15,20,9.610671714908953,0,0,0.0,2.0
28,34,13.016425390074065,0,0,0.0,3.0
-18,-10,10.341442942191074,1,0,0.0,13.0
-7,-2,3.5862140038651753,1,0,0.0,8.0
16,19,5.091234949218651,1,1,0.0,2.0
5,11,3.4016141393176156,0,0,0.0,4.0
-2,6,7.163950086232162,0,0,0.0,6.0
18,24,10.41103708154202,1,-1,0.0,5.0
25,29,11.94227885817,0,0,0.0,3.0
16,20,2.7365474676372874,0,-1,0.0,3.0
-14,-8,1.5962085405189392,0,1,0.0,10.0
33,34,14.636973087684012,0,-1,0.0,4.0
-1,-1,9.19410503625844,1,0,0.0,8.0
-14,-14,1.148942228920295,1,1,0.0,11.0
9,11,5.534397965429625,0,0,0.0,4.0
-8,-7,9.087633066508278,0,0,0.0,11.0
11,14,3.29819464386342,0,0,0.0,4.0
20,29,8.494443248259923,1,1,0.0,2.0
-22,-16,2.0196412774317176,1,1,0.0,15.0
-6,3,11.919461326557375,0,1,0.0,7.0
24,32,0.769636067891819,1,0,0.0,3.0
-7,-6,0.20402341292241666,0,1,0.0,10.0
6,7,3.8654274726585447,1,1,0.0,6.0
20,20,10.35150126079824,0,0,0.0,3.0
28,34,9.859614609213645,1,1,0.0,2.0
13,17,14.622628238513906,0,1,0.0,4.0
13,14,11.856017348135994,1,-1,0.0,7.0
-15,-7,3.9681324643423794,0,1,0.0,10.0
28,35,1.0565320664282178,1,0,0.0,3.0
32,34,1.730458624331383,1,1,0.0,2.0
12,12,6.00111489679712,0,-1,0.0,5.0
0,3,14.597873281450209,0,1,0.0,7.0
29,33,6.087951422096894,1,-1,0.0,4.0
-7,-3,6.904516660487672,0,-1,0.0,8.0
-19,-19,1.8483595685471033,1,0,0.0,16.0
6,11,7.721519083485909,1,1,0.0,4.0
0,6,1.9171995085644862,0,-1,0.0,7.0
21,31,14.443658192243516,1,-1,0.0,5.0
-5,0,1.5873354645371407,0,1,0.0,6.0
-6,-5,13.056679004292594,0,1,0.0,11.0
-22,-19,5.675368607054975,1,-1,0.0,17.0
-17,-9,4.7850929504925555,0,1,0.0,10.0
12,15,7.81124883775718,1,0,0.0,5.0
-19,-18,5.319123153707209,1,1,0.0,15.0
-3,-2,14.702487616002418,1,-1,0.0,10.0
4,8,11.19158410563318,1,1,0.0,7.0
10,19,7.595612030370878,0,1,0.0,1.0
-2,3,12.666016527665162,1,-1,0.0,10.0
3,5,11.086019996741975,1,0,0.0,8.0
16,21,5.762489169625259,1,1,0.0,2.0
16,25,10.283007307002501,1,1,0.0,3.0
12,20,8.281257478249637,1,0,0.0,3.0
-10,-2,7.9582444214640615,0,1,0.0,6.0
-12,-5,2.144280684418991,1,1,0.0,11.0
1,11,6.083912142433816,1,-1,0.0,6.0
-22,-16,13.593652620055177,0,-1,0.0,17.0
-1,-1,9.388158476255729,0,1,0.0,6.0
-6,-2,12.861861225090022,1,1,0.0,8.0
5,9,2.580248322675378,0,1,0.0,5.0
7,14,4.208635434443876,0,0,0.0,4.0
21,29,12.804384765205526,1,1,0.0,3.0
23,27,2.4512634289313953,1,-1,0.0,4.0
6,7,10.491568388114578,1,-1,0.0,9.0
13,14,14.081521229230447,0,-1,0.0,6.0
-7,-2,12.763560579584393,0,-1,0.0,9.0
-20,-17,8.979865797479803,1,0,0.0,16.0
-8,-8,12.867423831646859,1,-1,0.0,14.0
19,27,14.016248781594848,1,-1,0.0,5.0
-7,-7,2.5066934848433675,1,-1,0.0,13.0
10,19,7.6800530182672935,1,-1,0.0,4.0
5,14,9.565776026096806,0,1,0.0,3.0
-18,-14,6.693180185166433,1,0,0.0,12.0
-22,-14,13.349178058596568,0,-1,0.0,13.0
34,35,0.29893070266292676,1,1,0.0,2.0
18,24,13.67154882826165,1,1,0.0,3.0
-17,-7,1.5070151522794202,1,-1,0.0,13.0
2,12,5.140223057117715,0,1,0.0,3.0
-22,-18,14.15396050993705,1,-1,0.0,18.0
-12,-8,13.177301418758516,1,1,0.0,12.0
6,8,12.07740123155309,0,-1,0.0,8.0
-18,-16,5.658961821891207,0,-1,0.0,16.0
2,5,7.461576597253256,0,-1,0.0,7.0
27,34,1.8854554238889731,1,-1,0.0,4.0
17,26,12.599408819727424,0,1,0.0,2.0
-7,-6,3.366331932317601,1,-1,0.0,13.0
20,28,6.877183779901119,0,-1,0.0,3.0
35,35,5.067371588226292,1,1,0.0,2.0
-8,-7,3.3875664374752796,1,1,0.0,11.0
-5,4,2.5306083062916214,0,-1,0.0,7.0
-28,-18,13.467246393513872,1,0,0.0,17.0
29,31,5.659947806272006,0,0,0.0,2.0
6,11,12.169277079136695,0,-1,0.0,6.0
-2,-1,12.233160602868992,1,-1,0.0,10.0
-2,-1,10.112821539120326,0,0,0.0,8.0
25,32,13.022916924885136,0,-1,0.0,4.0
13,18,8.635774552222768,0,1,0.0,3.0
23,24,11.109375402481225,0,1,0.0,2.0
-7,-4,3.6990233597247384,0,1,0.0,6.0
18,20,12.665434226427305,0,-1,0.0,4.0
-12,-12,3.831586933419902,0,-1,0.0,12.0
4,10,11.588986181497562,1,-1,0.0,9.0
23,33,7.511077199002859,1,-1,0.0,4.0
-23,-14,10.335918900332938,0,-1,0.0,13.0
-26,-17,3.7551621101940746,0,-1,0.0,16.0
16,18,13.731375789471745,0,1,0.0,4.0
-22,-13,13.366463727768924,0,-1,0.0,13.0
22,27,14.591575048424561,1,1,0.0,3.0
-11,-9,5.651548080807779,1,1,0.0,11.0
21,25,1.0755666035921045,1,-1,0.0,4.0
17,23,1.1852348269732542,0,-1,0.0,3.0
-17,-15,13.249020892365309,0,0,0.0,16.0
8,15,13.784521253953855,1,-1,0.0,7.0
12,22,10.415203901234804,0,-1,0.0,4.0
13,23,14.959054644581375,1,-1,0.0,5.0
23,26,8.494635643686973,0,1,0.0,1.0
22,31,0.11631324847529934,0,1,0.0,1.0
3,3,0.8762920817877629,1,-1,0.0,9.0
-8,-6,10.857486863489305,1,1,0.0,12.0
-17,-11,14.728072910998975,1,1,0.0,12.0
-20,-16,14.453654097075315,0,-1,0.0,17.0
0,0,14.63852788835199,0,1,0.0,7.0
-19,-13,11.089091635305174,0,0,0.0,12.0
9,15,9.159458303153675,0,-1,0.0,5.0
-13,-8,7.8683624178413805,0,0,0.0,11.0
-14,-4,1.7432080497979991,0,1,0.0,6.0
-19,-18,5.133222611967883,1,0,0.0,16.0
23,24,11.975898600359397,0,1,0.0,2.0
12,12,0.7098020865726784,1,-1,0.0,6.0
-20,-17,7.767537427011702,1,1,0.0,15.0
-17,-17,12.791853719083546,1,-1,0.0,18.0
29,31,11.915359690496597,1,-1,0.0,5.0
-12,-4,5.216537264041104,0,1,0.0,6.0
-21,-14,1.9372348141033364,0,1,0.0,10.0
3,7,0.6702833980394085,1,1,0.0,6.0
6,9,14.375866482615653,1,-1,0.0,9.0
12,12,1.2521679640149652,1,-1,0.0,6.0
-5,2,13.894049260011293,1,0,0.0,9.0
-17,-7,13.255708825867522,1,0,0.0,13.0
18,24,1.0536443542061658,0,1,0.0,1.0
18,25,11.009346225621876,0,1,0.0,2.0
17,23,4.5259427352038415,1,-1,0.0,4.0
-30,-20,3.8563562078461096,1,1,0.0,15.0
5,6,3.5244054784311714,1,-1,0.0,8.0
-22,-16,14.203967821121502,1,0,0.0,17.0
-25,-16,7.3021725829620765,0,0,0.0,15.0
6,7,7.46399610019192,0,-1,0.0,7.0
-1,6,13.132726240257993,1,0,0.0,8.0
-13,-3,10.322729158168965,0,1,0.0,7.0
-11,-7,8.780307152949572,0,-1,0.0,12.0
-12,-5,14.471320944156442,1,0,0.0,13.0
-12,-12,0.2542339163208901,1,1,0.0,11.0
16,25,9.236927598376864,1,0,0.0,3.0
21,26,9.614521761155192,0,1,0.0,1.0
-17,-9,10.742280598137345,0,-1,0.0,13.0
-15,-14,5.733432907029911,0,-1,0.0,12.0
15,23,8.925567674887414,1,-1,0.0,4.0
10,10,8.021425692372219,1,0,0.0,7.0
16,22,10.073868980232717,1,1,0.0,3.0
-5,-3,6.895569572229507,0,1,0.0,6.0
-5,-4,4.455288582703303,0,0,0.0,7.0
23,23,9.964576186046923,0,-1,0.0,3.0
-15,-12,0.5727475235885376,1,-1,0.0,13.0
0,10,0.21776534997836938,1,1,0.0,6.0
17,23,9.263326286632116,1,-1,0.0,4.0
-5,-3,13.24535097888038,0,1,0.0,7.0
1,8,8.634353034892301,1,0,0.0,7.0
-18,-9,13.985151446171828,1,1,0.0,12.0
18,27,2.2846579840918118,0,-1,0.0,3.0
-20,-15,5.456072301969602,1,-1,0.0,17.0
16,17,10.49789219133803,1,0,0.0,6.0
6,11,4.173311839989987,1,1,0.0,4.0
-6,2,1.7323186945098779,1,1,0.0,7.0
-17,-9,5.673710518914181,1,-1,0.0,13.0
-3,2,0.43125815470220263,1,0,0.0,8.0
14,17,3.8409641628832674,1,1,0.0,4.0
-20,-11,3.0516488389613246,1,0,0.0,12.0
5,13,9.903617205505476,1,0,0.0,5.0
-14,-5,10.875818724980077,1,1,0.0,12.0
20,20,14.965746179370928,1,-1,0.0,5.0
9,17,12.596494869514338,1,0,0.0,6.0
25,33,0.2515366091857235,0,0,0.0,2.0
-21,-15,11.908985334767115,1,-1,0.0,18.0
10,12,6.351102523466515,1,1,0.0,4.0
-5,-5,8.231076474158058,1,-1,0.0,13.0
21,29,3.943677484930095,1,1,0.0,2.0
13,14,9.949685108921017,1,-1,0.0,6.0
3,6,3.0529992963568247,1,1,0.0,6.0
13,16,8.261955278417004,0,-1,0.0,5.0
-24,-15,10.957168118034875,1,-1,0.0,18.0
-3,4,14.090100130495756,0,0,0.0,7.0
29,34,5.514148188741767,0,0,0.0,2.0
-22,-12,1.5262338878840953,1,1,0.0,11.0
11,13,11.552722979207607,1,-1,0.0,7.0
31,31,3.9903682836105316,0,-1,0.0,3.0
23,23,3.5121427332152617,1,-1,0.0,4.0
5,6,3.8011690345672626,0,0,0.0,6.0
19,26,10.268114495287119,1,1,0.0,3.0
-19,-13,4.27224660874158,1,0,0.0,12.0
21,23,1.4885355651052068,1,1,0.0,2.0
23,29,11.25574772913468,1,1,0.0,3.0
21,27,4.057132676990346,0,0,0.0,2.0
-5,4,8.574141044240312,1,-1,0.0,8.0
8,13,5.4662331800766015,0,-1,0.0,5.0
-6,4,4.00808116180034,0,0,0.0,6.0
-8,-2,9.68445204841199,0,1,0.0,6.0
-9,-6,0.34155794453299915,0,0,0.0,11.0
-12,-5,11.762695449032293,1,-1,0.0,14.0
-4,-3,1.0641599310951533,1,-1,0.0,9.0
35,35,12.73863226207105,0,0,0.0,3.0
16,18,11.079962356036024,0,0,0.0,5.0
-22,-15,8.588507981238028,0,0,0.0,15.0
-7,-4,6.9930473271929605,0,1,0.0,6.0
-3,2,2.6739609272685416,0,0,0.0,7.0
10,14,5.895660232172205,0,-1,0.0,5.0
-25,-17,9.807444533246317,0,-1,0.0,16.0
24,30,13.87652927835176,1,-1,0.0,5.0
-19,-11,9.025114548772095,1,1,0.0,11.0
18,26,5.030886333143017,1,1,0.0,2.0
20,28,0.162992795256795,0,-1,0.0,3.0
25,32,4.694544274171999,1,-1,0.0,4.0
6,9,12.718366296653409,0,0,0.0,7.0
29,35,11.496651843422686,1,0,0.0,4.0
-11,-10,9.339318806336673,1,0,0.0,12.0
10,14,14.913224041111969,1,1,0.0,5.0
11,20,6.972661816235489,0,0,0.0,2.0
12,21,10.668002104944632,0,0,0.0,3.0
28,35,8.093408875992202,0,1,0.0,1.0
-20,-12,12.74275160679584,0,1,0.0,11.0
28,28,14.781433083752075,1,-1,0.0,5.0
1,3,4.503456459953576,1,1,0.0,7.0
19,21,0.26106602403882073,1,1,0.0,2.0
-25,-20,6.831501041089089,0,-1,0.0,16.0
-24,-17,11.874417165160546,1,-1,0.0,18.0
14,18,6.360554840394684,0,0,0.0,4.0
-2,3,10.710646656014793,1,1,0.0,8.0
12,18,13.406295243472703,1,1,0.0,5.0
1,7,9.312631467297084,1,1,0.0,6.0
5,10,7.018344397190674,0,0,0.0,6.0
26,27,0.016316606416696966,0,1,0.0,1.0
26,34,8.749992667260624,1,1,0.0,2.0
-3,-1,3.390507229475108,1,-1,0.0,9.0
1,9,1.7174873281673342,0,1,0.0,5.0
-6,4,10.944870703858514,1,0,0.0,8.0
-20,-10,2.7965296663078703,1,-1,0.0,13.0
-12,-4,13.496378220536073,1,1,0.0,8.0
26,35,7.79984413532763,0,0,0.0,2.0
12,16,11.04881888539835,1,0,0.0,6.0
27,35,4.594426865398227,0,-1,0.0,3.0
16,17,8.17434487922977,0,1,0.0,3.0
11,14,14.104094475380052,0,1,0.0,4.0
0,8,3.1398587563969036,1,-1,0.0,8.0
-23,-14,11.51366519314814,0,1,0.0,11.0
5,6,8.86716448310096,1,0,0.0,7.0
-25,-16,4.103418955554793,0,-1,0.0,16.0
-13,-10,4.102406569236269,0,0,0.0,11.0
34,34,2.3382439442010017,1,0,0.0,3.0
3,7,12.944835407420817,1,0,0.0,8.0
21,29,12.20585195468017,1,1,0.0,3.0
-13,-10,2.085269814354449,0,-1,0.0,12.0
-9,-3,14.924694124666825,0,0,0.0,8.0
-16,-7,9.591741920028246,0,1,0.0,10.0
-8,-8,6.355862143134438,1,-1,0.0,13.0
3,9,14.79189275270209,1,0,0.0,8.0
-10,-10,13.6617762547835,0,-1,0.0,13.0
-16,-15,13.933721349199331,1,0,0.0,17.0
-19,-19,7.059231854046278,0,0,0.0,15.0
-7,-7,1.6139383796980245,0,0,0.0,11.0
-15,-9,4.14485491647439,1,0,0.0,12.0
21,30,2.3359722014414226,1,-1,0.0,4.0
4,10,10.746280464808345,0,0,0.0,7.0
-9,-9,14.759608559892396,0,0,0.0,12.0
24,26,9.585712588927098,0,-1,0.0,3.0
11,12,9.044648657569292,0,-1,0.0,5.0
-16,-8,13.6350118983199,0,-1,0.0,13.0
20,28,4.142229680601007,0,-1,0.0,3.0
6,8,3.9992244954047136,1,1,0.0,6.0
-28,-19,6.089821911416137,0,1,0.0,14.0
25,35,0.9483691629189095,1,-1,0.0,4.0
0,6,10.109808569841054,1,0,0.0,8.0
-20,-19,10.36253644711964,1,1,0.0,16.0
17,24,4.097065715341482,1,1,0.0,2.0
-22,-14,11.264269306481326,1,0,0.0,13.0
16,17,11.571287633332844,0,1,0.0,4.0
-18,-10,13.92830587128278,1,1,0.0,12.0
8,13,9.423343544209564,0,-1,0.0,5.0
-6,4,12.344786166771401,0,-1,0.0,8.0
-11,-8,4.641543324253856,0,1,0.0,10.0
30,32,9.345313495111762,0,1,0.0,1.0
-7,-6,8.079643974250697,1,1,0.0,11.0
22,30,11.216723610846099,1,1,0.0,3.0
11,14,4.181699116852401,0,-1,0.0,5.0
9,15,0.2923764074707852,0,1,0.0,3.0
23,29,8.39324347001193,1,1,0.0,2.0
-7,-5,14.457931758181278,0,-1,0.0,13.0
17,23,2.1272556579455526,1,1,0.0,2.0
-10,-7,14.148508921668645,0,0,0.0,12.0
-1,-1,4.215804185859696,0,0,0.0,7.0
3,6,1.0128008796664685,1,0,0.0,7.0
-11,-8,2.5654935194193387,0,0,0.0,11.0
-11,-3,2.6648218358712694,0,0,0.0,7.0
-9,-1,0.8907061118533083,0,-1,0.0,8.0
3,11,2.9877759193456237,0,1,0.0,3.0
-16,-15,9.551138543928152,0,0,0.0,15.0
-18,-16,12.224311272251539,0,-1,0.0,17.0
22,27,0.3991030297065973,1,0,0.0,3.0
16,24,1.1718842835749572,0,0,0.0,2.0
-6,0,14.724002279284461,1,-1,0.0,10.0
18,27,6.526277825893606,1,-1,0.0,4.0
21,28,3.519473788063949,0,-1,0.0,3.0
-15,-7,6.0236591299907,1,1,0.0,11.0
-23,-19,4.385703104112252,1,-1,0.0,17.0
18,26,8.430402525337259,0,0,0.0,2.0
20,23,7.20766113096488,1,0,0.0,3.0
15,16,0.8619720452957552,0,-1,0.0,5.0
-24,-19,6.829161568729965,1,1,0.0,15.0
14,24,4.440341803205067,1,1,0.0,2.0
-21,-18,10.605245671405655,1,0,0.0,17.0
-20,-18,11.840334821380381,1,0,0.0,17.0
-6,1,14.993396616007605,0,-1,0.0,9.0
14,16,12.977493010385809,1,1,0.0,5.0
-10,-9,10.562759630029259,1,-1,0.0,14.0
7,13,14.597809455652913,1,-1,0.0,7.0
11,12,2.1409498435358154,0,-1,0.0,5.0
-14,-10,12.037463093355338,1,0,0.0,13.0
7,7,14.686119986680138,0,0,0.0,7.0
-26,-20,4.478776440859243,1,-1,0.0,17.0
33,33,1.329354560055016,0,1,0.0,1.0
-13,-13,2.0096397862142608,1,-1,0.0,13.0
21,25,0.5126018652172298,0,-1,0.0,3.0
5,13,9.626685373446406,0,-1,0.0,5.0
1,1,2.9187403032553942,0,0,0.0,7.0
30,34,11.560817991058903,1,-1,0.0,5.0
-12,-2,9.283873180937572,1,1,0.0,7.0
29,35,7.676038014129697,1,-1,0.0,4.0
18,24,13.402802600954352,0,-1,0.0,4.0
9,17,7.913999537553066,0,-1,0.0,5.0
18,19,7.5506854737079445,1,1,0.0,2.0
26,31,1.4635560109389973,1,-1,0.0,4.0
17,19,13.636667208929563,1,-1,0.0,5.0
8,13,5.809720740964237,0,0,0.0,4.0
12,18,5.532380313074931,1,0,0.0,5.0
-27,-20,5.534558439219417,1,1,0.0,15.0
5,5,8.12292973729696,0,1,0.0,5.0
-27,-17,1.3534555546048548,1,-1,0.0,17.0
23,33,14.891027367332024,0,1,0.0,2.0
-14,-14,3.9962157868268116,1,0,0.0,12.0
-7,-1,4.292585567325975,0,1,0.0,6.0
2,4,5.128814937770093,1,-1,0.0,8.0
29,35,13.49479056670005,1,-1,0.0,5.0
-9,-7,5.027815573175679,1,0,0.0,12.0
-2,-1,2.7568583400589155,1,-1,0.0,9.0
-17,-17,13.188232156578195,1,0,0.0,17.0
-6,-4,13.89596057642388,1,-1,0.0,10.0
-14,-7,13.3677371815523,0,-1,0.0,13.0
23,30,6.788567353395706,0,0,0.0,2.0
-2,5,8.184102231156222,0,0,0.0,6.0
-15,-9,14.745945810261802,0,0,0.0,12.0
15,17,3.1137455479742404,0,-1,0.0,5.0
8,14,3.1484151392901554,0,1,0.0,3.0
7,7,3.7252582087189157,1,0,0.0,7.0
-27,-18,14.522514217856166,0,-1,0.0,17.0
15,20,10.04476506498247,1,1,0.0,3.0
20,27,4.358330365924776,1,-1,0.0,4.0
5,12,0.33545942976808074,0,-1,0.0,5.0
17,19,12.643019089933372,0,0,0.0,3.0
-16,-10,12.776892221316075,0,1,0.0,11.0
-20,-13,5.031599137158481,0,-1,0.0,12.0
24,25,12.270846045669511,0,-1,0.0,4.0
-7,3,6.164918513342286,1,0,0.0,8.0
-29,-20,12.710217701476989,1,-1,0.0,18.0
9,13,11.743998246160777,0,1,0.0,4.0
8,17,1.238116735142674,0,1,0.0,3.0
-2,-1,9.504134327365499,1,1,0.0,7.0
26,32,13.209058341325754,1,-1,0.0,5.0
2,6,11.70565081932048,0,0,0.0,7.0
7,16,0.4616086195442132,1,0,0.0,5.0
16,25,9.78027782638408,0,-1,0.0,3.0
-16,-8,4.4956535042214965,1,-1,0.0,13.0
-17,-14,12.311003708286126,1,0,0.0,13.0
24,30,6.261587141018711,1,1,0.0,2.0
-21,-20,5.493188688502007,0,1,0.0,14.0
0,10,4.908039850317322,0,0,0.0,6.0
8,8,2.450437206710485,1,0,0.0,7.0
-24,-14,10.579397964240961,0,-1,0.0,13.0
-27,-19,2.6672697522026545,0,0,0.0,15.0
29,29,14.791294219136027,0,-1,0.0,4.0
15,21,0.7083075571985742,1,-1,0.0,4.0
28,35,4.67150133729403,1,0,0.0,3.0
-13,-10,6.011252372292138,0,-1,0.0,12.0
16,26,1.7903947995107576,1,1,0.0,2.0
-8,-6,3.9103058757192004,1,1,0.0,11.0
-12,-2,1.1089129396759194,0,1,0.0,6.0
-2,4,8.521147701781816,1,1,0.0,6.0
-8,-5,12.88468711431707,0,1,0.0,11.0
-12,-7,2.518698277583386,0,-1,0.0,12.0
-28,-20,14.867938510163155,0,1,0.0,15.0
1,11,2.132388385339794,1,-1,0.0,6.0
3,12,7.982858224344047,1,-1,0.0,6.0
-16,-13,3.1414172832469998,0,1,0.0,10.0
-3,5,6.516211954472249,0,-1,0.0,7.0
-12,-5,4.886619975140577,1,-1,0.0,13.0
13,20,1.3694887567249063,0,-1,0.0,3.0
21,28,11.78686759206825,0,-1,0.0,4.0
-8,-5,4.615149478294012,0,0,0.0,11.0
21,23,1.2638803506574487,1,-1,0.0,4.0
-3,0,9.216088087281802,0,-1,0.0,8.0
4,7,1.1185769940443953,1,-1,0.0,8.0
12,15,8.2382062231975,0,-1,0.0,5.0
-20,-19,12.213372571178107,1,0,0.0,17.0
7,13,2.426456164602056,1,-1,0.0,6.0
19,29,8.841054227811318,0,0,0.0,2.0
-16,-12,8.31757126281051,0,1,0.0,10.0
-23,-16,8.83844270673013,0,-1,0.0,16.0
21,29,5.477120324137223,0,1,0.0,1.0
14,15,10.114307351190607,0,-1,0.0,6.0
-13,-8,6.112749454029199,0,0,0.0,11.0
-12,-2,6.001719658294601,1,-1,0.0,9.0
-13,-7,14.18117979052489,0,-1,0.0,13.0
-14,-6,12.720885475424584,1,-1,0.0,14.0
-19,-12,13.557673904891267,1,1,0.0,12.0
-1,3,1.8667535285332666,0,-1,0.0,8.0
-4,-2,14.009292043004141,1,-1,0.0,10.0
20,29,11.434687484466894,1,-1,0.0,5.0
31,31,12.036402334486567,0,0,0.0,3.0
-12,-12,8.709191676816793,1,1,0.0,11.0
15,20,11.826891846777384,1,-1,0.0,5.0
-18,-12,10.44412286441784,0,0,0.0,12.0
-22,-20,11.67612759072177,1,1,0.0,16.0
10,10,5.780525952577691,0,1,0.0,5.0
-16,-16,13.378598901646615,1,1,0.0,16.0
-24,-17,9.898528612933124,0,0,0.0,15.0
28,32,9.213798269778392,0,1,0.0,1.0
24,34,10.590024184552089,0,-1,0.0,4.0
24,27,1.030317347407654,1,-1,0.0,4.0
-9,-2,3.617494351866439,0,1,0.0,6.0
-1,9,6.662704778277221,0,0,0.0,6.0
14,21,9.441356228538133,0,-1,0.0,3.0
-15,-14,2.2104422727830664,0,-1,0.0,12.0
7,7,4.561744609741544,1,1,0.0,6.0
-4,-4,7.705583352304556,1,0,0.0,8.0
-13,-6,9.148406316912913,0,-1,0.0,12.0
31,32,7.962246348393131,0,-1,0.0,3.0
4,7,12.408047096027124,1,0,0.0,8.0
12,19,0.5623219294896559,0,0,0.0,2.0
19,22,0.8673853463014108,1,-1,0.0,4.0
20,27,13.610070128826713,0,1,0.0,2.0
11,19,1.144365022437242,0,0,0.0,2.0
27,30,11.84700871766935,0,-1,0.0,4.0
27,31,7.403170614048929,1,-1,0.0,4.0
0,9,13.581364247364432,0,0,0.0,7.0
-9,-2,14.438865729674417,0,1,0.0,7.0
24,32,12.648765734969368,0,0,0.0,3.0
-20,-18,14.321413299306801,0,0,0.0,16.0
15,18,2.376815628415275,0,-1,0.0,5.0
23,23,2.594968052817936,1,0,0.0,3.0
-16,-7,13.534499979190382,1,0,0.0,13.0
-28,-18,8.704852564381834,0,-1,0.0,16.0
24,32,13.046578870044288,1,-1,0.0,5.0
8,11,9.96155607288164,0,-1,0.0,5.0
-19,-15,4.763480342719407,0,0,0.0,15.0
15,15,2.812977489969399,1,0,0.0,5.0
7,13,9.136870207396091,0,1,0.0,3.0
-12,-7,0.26737454090880797,1,0,0.0,12.0
-4,0,12.387307803401253,1,-1,0.0,10.0
5,5,4.620980868548053,0,1,0.0,5.0
1,2,1.3157652055631468,1,0,0.0,8.0
20,29,10.952186472591183,0,1,0.0,2.0
-25,-18,13.187069763554277,0,-1,0.0,17.0
-9,-8,9.815919981993202,1,-1,0.0,13.0
-13,-8,14.51082122532226,1,1,0.0,12.0
11,15,9.138349364252678,1,-1,0.0,6.0
15,16,4.580482957287429,1,0,0.0,5.0
-17,-11,13.69826119915863,1,0,0.0,13.0
-1,-1,1.1743931695988652,0,1,0.0,6.0
11,12,14.677944287347568,0,0,0.0,5.0
-6,1,9.511202841923284,1,0,0.0,8.0
-16,-10,7.591343348819731,1,0,0.0,12.0
7,11,13.592045023591234,0,1,0.0,4.0
-12,-5,8.570341229453787,0,1,0.0,10.0
-9,-2,11.947726122880873,0,0,0.0,8.0
10,18,5.548317086309666,1,-1,0.0,6.0
-9,-8,13.299638658637162,0,0,0.0,12.0
21,27,7.15552565285812,1,0,0.0,3.0
-6,-1,11.95183447732736,1,0,0.0,9.0
16,18,11.136801462168478,0,-1,0.0,6.0
4,13,3.3266164592080005,0,0,0.0,4.0
15,22,12.183374162413955,0,1,0.0,2.0
9,14,10.880845768969316,0,-1,0.0,6.0
-19,-14,7.92187456297898,1,1,0.0,11.0
4,6,7.997570047722528,1,-1,0.0,8.0
8,10,8.65896270895957,1,0,0.0,7.0
-3,-2,3.963750864414042,1,-1,0.0,9.0
-21,-18,10.459644721376067,0,-1,0.0,17.0
12,17,2.5917025949291554,0,-1,0.0,5.0
-9,-1,4.9710602388550695,1,0,0.0,8.0
18,19,14.522389325957231,0,-1,0.0,4.0
1,11,2.7766129449059136,0,1,0.0,3.0
14,23,12.235555971511971,0,0,0.0,3.0
18,28,13.048626960852168,0,0,0.0,3.0
6,8,7.9317190779065445,0,1,0.0,5.0
16,23,14.082117805407185,0,1,0.0,2.0
31,31,7.687636102041426,1,1,0.0,2.0
-14,-4,6.410362017676206,0,0,0.0,7.0
-5,2,2.9523299739967963,0,0,0.0,7.0
-18,-8,7.823122907878981,0,0,0.0,11.0
-12,-5,2.6442847330976065,0,1,0.0,10.0
-10,-10,8.725271350986882,1,0,0.0,12.0
7,12,10.317987308603275,1,1,0.0,5.0
6,7,14.858923648431006,0,-1,0.0,8.0
-2,7,6.9933122711634335,1,0,0.0,7.0
-6,-6,7.7975066740857795,0,-1,0.0,12.0
-30,-20,5.458282571759563,1,0,0.0,16.0
21,29,4.34567405506292,0,1,0.0,1.0
28,34,5.07390698727143,0,-1,0.0,3.0
-13,-7,1.7245004416146732,0,0,0.0,11.0
7,13,10.143597940217491,0,0,0.0,5.0
8,16,3.6420915960543714,0,-1,0.0,5.0
-4,6,14.001186918885992,1,-1,0.0,9.0
27,29,12.065977325409042,1,1,0.0,3.0
1,11,14.273180193720265,1,-1,0.0,7.0
-13,-9,1.1709458853746653,1,0,0.0,12.0
-15,-9,12.994635780812324,0,-1,0.0,13.0
22,27,3.9864237056305116,0,1,0.0,1.0
-9,-7,14.166334393543483,0,-1,0.0,13.0
7,10,0.4636704337716613,0,0,0.0,6.0
-3,0,6.22124394548892,1,1,0.0,7.0
13,15,5.140846836358434,0,0,0.0,4.0
12,19,8.244819462121024,0,1,0.0,1.0
22,25,4.767367712484463,1,0,0.0,3.0
32,34,1.6247401038731861,1,0,0.0,3.0
21,25,0.9509065707764408,0,0,0.0,2.0
-4,2,12.75569200063835,1,-1,0.0,10.0
1,8,13.520114086532699,0,-1,0.0,8.0
12,14,14.483244273635197,0,0,0.0,5.0
-17,-15,8.019852806231928,1,0,0.0,16.0
26,28,9.919272245100865,1,0,0.0,3.0
-16,-13,9.627958851446154,0,1,0.0,10.0
-20,-18,1.8135000197519435,1,0,0.0,16.0
26,28,5.21801744872324,1,0,0.0,3.0
-3,-1,13.442671195798983,1,0,0.0,9.0
5,14,11.056552966054708,0,0,0.0,5.0
-7,1,6.119850014708419,0,-1,0.0,8.0
-29,-19,4.089498404095874,1,0,0.0,16.0
15,23,3.9302325564053215,1,-1,0.0,4.0
7,16,5.665487833825188,0,1,0.0,3.0
-3,-3,2.456520809552119,0,1,0.0,6.0
11,20,6.710119391661772,1,-1,0.0,4.0
-16,-11,7.305108976094898,1,-1,0.0,13.0
-30,-20,5.5503625824388445,1,1,0.0,15.0
-17,-8,11.306162145527239,1,-1,0.0,14.0
15,17,0.061773748255328775,0,0,0.0,4.0
26,35,11.245197332808367,1,0,0.0,4.0
12,22,12.04969266520722,0,1,0.0,2.0
-20,-19,10.924839561763543,1,1,0.0,16.0
-18,-12,8.89532711276353,0,0,0.0,11.0
1,11,7.444288698491849,0,-1,0.0,5.0
22,29,9.995008951295803,1,0,0.0,3.0
-20,-16,12.88631769853639,0,-1,0.0,17.0
-6,-3,14.769506218967264,1,1,0.0,8.0
-19,-19,7.923451205958952,1,-1,0.0,17.0
28,30,7.663577037079914,1,-1,0.0,4.0
4,8,1.6857111840422612,0,1,0.0,5.0
11,14,0.9531253700028891,1,0,0.0,5.0
15,23,11.730457376589019,0,0,0.0,3.0
-15,-8,12.866296526229268,1,-1,0.0,14.0
-25,-20,0.3300263742209242,0,1,0.0,14.0
-6,-5,12.199680620434316,0,1,0.0,11.0
0,5,6.625023244727864,0,1,0.0,5.0
-10,-9,11.651716439911722,0,-1,0.0,13.0
16,20,1.9984161154032427,0,-1,0.0,3.0
12,14,0.36557605279486316,1,0,0.0,5.0
29,29,10.292402549904118,0,0,0.0,3.0
-6,1,14.420430482940995,0,0,0.0,8.0
16,23,0.8013096346612258,0,1,0.0,1.0
-6,-6,3.311998005629213,0,-1,0.0,12.0
-17,-10,4.987431061522629,1,1,0.0,11.0
18,27,2.0738327421026392,0,0,0.0,2.0
7,8,11.193401596547272,0,-1,0.0,8.0
-16,-7,11.484581999355722,0,0,0.0,12.0
-21,-17,12.838443031563727,0,1,0.0,15.0
18,21,8.480225718752198,1,-1,0.0,4.0
1,7,14.912425489236327,0,0,0.0,7.0
19,24,1.4503612134706545,0,1,0.0,1.0
-16,-9,2.402843377113112,1,0,0.0,12.0
27,28,7.683152921544004,1,0,0.0,3.0
18,26,10.170893504678622,1,-1,0.0,5.0
-23,-20,0.929111519711846,0,0,0.0,15.0
9,15,12.66970632268397,1,-1,0.0,7.0
16,22,12.142204393471253,1,1,0.0,3.0
-12,-9,1.0860393679250753,0,1,0.0,10.0
-21,-17,8.494730824323371,0,0,0.0,15.0
11,19,11.010771108020156,1,-1,0.0,5.0
26,28,0.6405699880000948,1,-1,0.0,4.0
22,24,11.005419447006936,1,1,0.0,3.0
21,24,3.147471000218385,0,-1,0.0,3.0
23,33,8.065111748894243,1,0,0.0,3.0
8,15,5.858438079750468,0,1,0.0,3.0
-1,2,13.043917236140889,0,0,0.0,8.0
-19,-9,8.753712636352127,1,1,0.0,11.0
28,34,5.843904064490794,0,0,0.0,2.0
13,21,10.296676967260037,0,1,0.0,2.0
11,15,7.506652225638893,1,0,0.0,5.0
6,9,14.999874602205,0,0,0.0,7.0
3,6,0.37179502321528,0,0,0.0,6.0
-24,-18,4.586138770326638,0,0,0.0,15.0
-18,-9,9.308489360968853,1,-1,0.0,13.0
7,9,1.6208489275557718,1,1,0.0,6.0
-13,-12,9.403742055585123,1,0,0.0,12.0
20,29,12.740984658499517,0,1,0.0,2.0
25,26,6.466605396392907,0,0,0.0,2.0
-3,2,1.1737423345168256,0,0,0.0,7.0
25,25,9.942883084842428,1,-1,0.0,4.0
3,8,8.987889917301398,0,1,0.0,5.0
-1,0,4.600744102525506,0,-1,0.0,8.0
-17,-14,2.0520343678139468,1,0,0.0,12.0
22,25,3.2427720221471468,0,1,0.0,1.0
-10,-1,7.95737548652631,0,1,0.0,6.0
-10,-3,9.94314970227649,1,-1,0.0,9.0
24,27,14.281285062263919,0,1,0.0,2.0
11,16,9.228560501765186,0,1,0.0,3.0
2,7,12.98508472470312,1,0,0.0,8.0
-5,1,5.617479474882161,1,-1,0.0,9.0
-9,-9,0.5901624649241038,1,0,0.0,12.0
-16,-11,8.554166107174797,0,1,0.0,10.0
27,33,11.982036085045145,0,0,0.0,3.0
-16,-13,12.604068365423645,1,0,0.0,13.0
-1,1,5.241451513287452,1,1,0.0,7.0
9,15,11.191310164130007,1,-1,0.0,7.0
-9,-9,0.3632659576824787,0,1,0.0,10.0
14,20,5.84961596662219,0,0,0.0,2.0
-4,1,7.579671172509125,1,1,0.0,7.0
1,6,14.685709465779034,1,1,0.0,7.0
21,23,11.540875174743194,1,-1,0.0,5.0
31,32,1.0817690812725511,0,-1,0.0,3.0
20,27,11.687876000556427,0,1,0.0,2.0
3,9,14.283787984424546,0,0,0.0,7.0
-16,-10,1.603888028206744,1,0,0.0,12.0
-10,0,3.7302631886951296,1,-1,0.0,9.0
25,28,14.628696264044182,1,-1,0.0,5.0
-8,-6,11.022814631572235,0,0,0.0,12.0
32,35,13.262780633272277,1,1,0.0,3.0
-8,-8,4.924449347273429,1,0,0.0,12.0
23,28,9.21412936738911,1,1,0.0,2.0
-13,-4,11.629933938378104,1,0,0.0,9.0
4,4,7.118678938582928,0,-1,0.0,7.0
7,13,9.1337001570568,1,0,0.0,5.0
1,2,5.499247824743512,1,-1,0.0,9.0
2,12,11.802940214990905,0,-1,0.0,6.0
-9,-9,1.969748103887579,1,1,0.0,11.0
-21,-12,11.161013280976626,0,0,0.0,12.0
13,19,5.476393113299821,1,0,0.0,3.0
-10,-2,4.136967804203335,1,1,0.0,7.0
5,7,3.3748331462148045,1,1,0.0,6.0
20,26,2.598871078758103,1,0,0.0,3.0
-22,-13,9.480058999728186,0,-1,0.0,12.0
-5,4,11.328079839162372,1,1,0.0,7.0
-8,-8,1.4780195019568083,1,-1,0.0,13.0
-7,-6,3.4549875005184862,0,0,0.0,11.0
-4,-2,8.481663770552192,0,-1,0.0,8.0
22,27,8.343931917121372,0,0,0.0,2.0
7,17,2.7786926722275145,0,-1,0.0,5.0
-5,-3,3.200950071010989,1,0,0.0,8.0
12,17,3.117106204635146,1,-1,0.0,6.0
-13,-4,5.559340897396606,0,1,0.0,6.0
25,29,3.259752955133412,1,-1,0.0,4.0
22,31,13.7269594653375,1,0,0.0,4.0
2,12,13.449872767006195,1,-1,0.0,7.0
-21,-14,3.827536421999473,1,-1,0.0,13.0
-12,-2,3.531709125995403,0,0,0.0,7.0
-21,-13,4.687573696055913,0,1,0.0,10.0
-15,-11,2.370187129643411,0,1,0.0,10.0
2,5,4.159439542295699,1,-1,0.0,8.0
-14,-12,4.897570102280962,0,-1,0.0,12.0
-8,-1,4.070737627547347,1,-1,0.0,9.0
-21,-19,11.417253125975156,0,1,0.0,15.0
27,29,0.6760680278471093,0,-1,0.0,3.0
19,20,12.748458849466953,0,0,0.0,3.0
-21,-18,12.03256366848993,1,0,0.0,17.0
-15,-11,8.020060593069138,0,1,0.0,10.0
-8,1,6.481063029250408,1,1,0.0,7.0
-14,-7,7.191123639730954,0,1,0.0,10.0
-14,-9,11.887641379713022,0,-1,0.0,13.0
5,8,8.300416940871617,1,-1,0.0,8.0
-2,6,12.520397428611641,0,0,0.0,7.0
-25,-20,8.168091543748346,0,0,0.0,15.0
11,15,3.451436611634736,1,0,0.0,5.0
21,28,6.581814937742781,0,1,0.0,1.0
21,24,14.913035179037498,0,-1,0.0,4.0
-10,-6,0.5762849811284204,0,-1,0.0,12.0
26,28,12.551778147364661,1,1,0.0,3.0
-9,-1,7.567029997906307,0,-1,0.0,8.0
-11,-2,1.6525971534059698,0,0,0.0,7.0
9,13,11.432950775944095,0,-1,0.0,6.0
24,32,3.3660590879449725,1,1,0.0,2.0
27,27,0.42837318852006423,1,1,0.0,2.0
17,22,4.562050920681647,0,1,0.0,1.0
11,20,10.501142342381078,1,-1,0.0,5.0
17,17,8.68045111864947,0,1,0.0,3.0
24,34,4.326531998287421,1,0,0.0,3.0
29,33,0.6327754202587382,1,1,0.0,2.0
11,19,1.4293519569155744,1,0,0.0,3.0
-25,-18,2.8993976195107125,1,-1,0.0,17.0
-19,-11,14.822679641666983,1,1,0.0,12.0
11,17,2.2968655997136582,1,1,0.0,4.0
1,2,7.614848154825348,0,-1,0.0,8.0
17,23,5.226825735954732,1,-1,0.0,4.0
24,31,5.353229341728433,1,-1,0.0,4.0
1,8,14.064019968897217,0,1,0.0,6.0
9,11,0.4606507655854919,0,-1,0.0,5.0
-7,2,0.8641992972314244,1,1,0.0,7.0
8,9,13.77068100970039,0,1,0.0,6.0
-25,-18,3.959000019809904,0,0,0.0,15.0
21,30,8.159983999266132,0,-1,0.0,3.0
-11,-1,2.288728868585916,0,-1,0.0,8.0
-5,-1,7.969368518735395,0,-1,0.0,8.0
-21,-13,2.057911260204423,0,1,0.0,10.0
-2,-1,2.878852114329738,0,0,0.0,7.0
20,23,11.52782484221077,1,-1,0.0,5.0
15,21,0.26718913314565884,0,1,0.0,1.0
-3,-1,2.174604054424064,0,0,0.0,7.0
-12,-4,5.551602342407312,0,-1,0.0,8.0
-20,-15,7.786555756861974,0,1,0.0,14.0
20,30,6.652929543657302,1,-1,0.0,4.0
-13,-4,0.23102829097854105,1,1,0.0,7.0
14,24,11.181559990743938,0,0,0.0,3.0
6,8,5.8996645057272605,0,-1,0.0,7.0
-17,-12,2.0956194927572365,0,1,0.0,10.0
9,9,12.158800896955015,0,0,0.0,7.0
-6,-1,13.796008999765156,0,-1,0.0,9.0
27,27,12.35501861992239,0,-1,0.0,4.0
2,11,8.920820641546273,0,-1,0.0,5.0
0,1,5.414145281174422,0,-1,0.0,8.0
3,10,8.031182922521948,0,1,0.0,5.0
18,22,1.2462501325898467,0,-1,0.0,3.0
20,26,4.008090897597506,0,1,0.0,1.0
24,27,1.259882850172784,1,-1,0.0,4.0
-23,-19,9.665019884284957,0,0,0.0,15.0
33,34,0.3836024087503459,0,1,0.0,1.0
-12,-8,0.4611325803060079,0,-1,0.0,12.0
-21,-14,8.56104430713375,1,-1,0.0,13.0
16,24,12.24001957895496,0,1,0.0,2.0
28,28,11.392669380069554,1,1,0.0,3.0
25,32,3.392765385948726,1,0,0.0,3.0
-16,-16,0.36010377119769343,1,-1,0.0,17.0
-19,-18,3.9042129876772047,1,1,0.0,15.0
-15,-7,0.9805202855769185,0,0,0.0,11.0
-19,-9,0.4428214580100087,1,-1,0.0,13.0
9,17,14.157940233957005,0,-1,0.0,6.0
3,5,6.344103579748314,1,0,0.0,7.0
22,22,7.41432810370389,1,1,0.0,2.0
20,30,3.989069355524041,0,0,0.0,2.0
-21,-13,14.469106726097905,1,-1,0.0,14.0
9,15,1.6850556196341677,0,-1,0.0,5.0
-20,-13,12.770507370980372,1,1,0.0,12.0
-28,-19,3.1963121096554397,0,1,0.0,14.0
25,33,6.55451455390161,1,-1,0.0,4.0
-10,-7,13.892173463948513,1,0,0.0,13.0
25,27,9.416312117067275,1,-1,0.0,4.0
-14,-12,9.47234616253192,1,0,0.0,12.0
6,11,9.14228518900409,1,1,0.0,4.0
3,4,11.205018298653938,1,0,0.0,8.0
-5,-2,4.413379174255308,0,-1,0.0,8.0
11,20,6.5615276725465295,1,0,0.0,3.0
-18,-12,5.12119432976071,0,1,0.0,10.0
-2,2,6.346712221378123,0,0,0.0,7.0
28,28,3.2756125484196765,0,1,0.0,1.0
-13,-7,9.368362485311641,1,-1,0.0,13.0
25,32,0.2961889990255123,1,0,0.0,3.0
0,9,14.143484562433798,0,1,0.0,6.0
-25,-20,10.442958144938522,0,-1,0.0,17.0
-9,-6,2.5918931185336387,0,-1,0.0,12.0
-24,-15,8.419019215934346,0,0,0.0,15.0
26,27,1.7561871766587074,1,-1,0.0,4.0
22,24,11.804234252226978,0,0,0.0,3.0
29,33,0.3496475275283567,0,1,0.0,1.0
25,30,9.190680198445943,0,-1,0.0,3.0
21,23,4.8400398514878065,0,0,0.0,2.0
14,22,11.55009685126755,0,1,0.0,2.0
-18,-16,1.7468182016005747,1,-1,0.0,17.0
-18,-11,0.8796301975198934,1,0,0.0,12.0
5,12,8.1957375035495,0,-1,0.0,5.0
3,6,2.613245557125652,0,1,0.0,5.0
21,24,11.81586533328768,1,0,0.0,4.0
-19,-18,14.150866412059306,1,-1,0.0,18.0
24,33,9.030116353467427,1,0,0.0,3.0
15,18,10.804314850956983,1,1,0.0,5.0
26,27,0.7541996566536036,0,-1,0.0,3.0
11,19,1.7199695949551237,1,-1,0.0,4.0
-15,-13,13.690137456175743,0,1,0.0,11.0
-2,2,9.360758749790847,0,-1,0.0,8.0
-18,-12,13.796088639327229,0,-1,0.0,13.0
17,27,6.869065598703692,0,-1,0.0,3.0
11,16,6.094830795006174,1,1,0.0,4.0
-28,-19,2.8724729723360296,0,0,0.0,15.0
11,14,12.50112282086561,0,1,0.0,4.0
26,31,7.334766682087693,1,0,0.0,3.0
-5,5,11.701736847577662,1,0,0.0,8.0
3,5,3.8537085879718704,1,-1,0.0,8.0
29,35,6.110235145385037,0,-1,0.0,3.0
0,6,3.143333726353389,1,0,0.0,7.0
19,26,11.260097430784032,1,-1,0.0,5.0
13,19,12.468237419649672,0,-1,0.0,4.0
13,21,3.507129569570886,0,1,0.0,1.0
-16,-10,9.854590425059065,0,0,0.0,11.0
11,13,13.609586851144105,0,-1,0.0,6.0
-2,5,14.231344715431355,1,-1,0.0,9.0
-17,-17,1.2329306260428352,1,1,0.0,15.0
-20,-19,6.295095817489955,0,1,0.0,14.0
12,22,11.499096084788421,0,0,0.0,3.0
20,28,14.580585108610007,0,0,0.0,3.0
5,11,2.733127859074557,1,1,0.0,4.0
-4,-1,0.9742522685838917,1,0,0.0,8.0
-24,-15,0.31442706126670217,0,1,0.0,14.0
10,13,14.55126456518621,1,-1,0.0,7.0
-25,-17,3.7957557281045604,1,1,0.0,15.0
-13,-12,6.40846437004131,0,-1,0.0,12.0
-19,-13,8.026935036405533,0,1,0.0,10.0
-4,-4,8.11317166120781,1,-1,0.0,9.0
14,19,2.4394037497404004,0,1,0.0,1.0
17,20,14.94188813100423,1,1,0.0,3.0
-4,1,9.980070636175743,0,-1,0.0,8.0
23,33,6.460059716578655,1,1,0.0,2.0
14,22,1.7573843108399612,1,1,0.0,2.0
-16,-13,9.612286232657214,1,1,0.0,11.0
-19,-15,3.4178949667205294,0,0,0.0,15.0
13,16,11.68589755309789,1,0,0.0,6.0
8,13,4.892246475322424,0,1,0.0,3.0
22,27,10.142529937939452,1,-1,0.0,5.0
35,35,9.226292668766417,1,0,0.0,3.0
16,22,7.669303068877266,1,1,0.0,2.0
6,16,10.680089227286796,1,1,0.0,5.0
32,32,6.833531006286837,1,1,0.0,2.0
23,31,4.332111538616429,1,1,0.0,2.0
-11,-2,5.593357805497198,1,-1,0.0,9.0
-14,-5,8.34204611413578,1,1,0.0,11.0
14,17,13.805331990761443,1,0,0.0,6.0
18,25,6.5911202175361225,1,1,0.0,2.0
12,18,0.6925256036159311,1,-1,0.0,6.0
-25,-15,2.7964500136511266,1,1,0.0,15.0
-13,-9,12.940987079015045,0,0,0.0,12.0
28,32,1.3925713842125476,0,0,0.0,2.0
17,19,3.6525175356035033,1,0,0.0,3.0
-22,-13,1.057979728161662,1,-1,0.0,13.0
-1,1,3.5543388568534966,0,-1,0.0,8.0
25,31,3.040283920444375,0,0,0.0,2.0
9,13,14.191447766894179,0,0,0.0,5.0
-21,-20,12.46742240496437,1,1,0.0,16.0
-19,-18,2.8864572764774854,0,1,0.0,14.0
-15,-13,5.839688363592671,1,0,0.0,12.0
-13,-12,5.031583594073041,1,-1,0.0,13.0
5,7,1.1179084899089338,0,-1,0.0,7.0
-13,-8,10.802229537390087,0,0,0.0,12.0
-8,1,14.289912941228284,1,-1,0.0,10.0
-11,-7,2.6089630416087886,1,0,0.0,12.0
-16,-16,0.3071631031128236,0,0,0.0,15.0
16,19,10.542407097201401,1,1,0.0,3.0
10,14,12.758467306586677,0,1,0.0,4.0
-12,-12,6.865018799703322,1,-1,0.0,13.0
-22,-17,14.00092658904248,1,1,0.0,16.0
-21,-11,7.030368070703799,0,0,0.0,11.0
-16,-9,3.746807846229782,1,0,0.0,12.0
-4,4,7.923706401972956,1,0,0.0,7.0
-10,-8,8.574746678635895,1,-1,0.0,13.0
-4,-4,4.5690570740396526,0,1,0.0,6.0
-23,-17,5.099551637953812,1,-1,0.0,17.0
33,33,13.956070149077275,1,0,0.0,4.0
18,23,3.142814485882764,1,-1,0.0,4.0
8,10,13.323578780309465,0,0,0.0,7.0
-7,-6,2.3059519064497285,1,1,0.0,11.0
17,26,8.678724745320647,0,1,0.0,1.0
-15,-6,11.981799882317063,0,0,0.0,12.0
20,25,3.4842252214288076,1,-1,0.0,4.0
24,33,12.708283769758703,1,0,0.0,4.0
-6,-5,4.643717984201985,1,-1,0.0,13.0
10,10,9.3791025473625,1,0,0.0,7.0
-13,-5,1.2502758672789342,0,1,0.0,10.0
10,20,3.904267628674951,0,0,0.0,2.0
-12,-12,5.596932915624107,1,0,0.0,12.0
0,4,0.7201377673711568,0,1,0.0,5.0
12,17,10.86310966319927,0,1,0.0,4.0
22,32,1.7196263623828694,1,0,0.0,3.0
-4,6,0.338841675924228,1,0,0.0,7.0
31,31,12.555196386111657,0,-1,0.0,4.0
-5,-5,5.317794538053055,1,0,0.0,12.0
